feedback_id,user_id,raw_text,channel,aspect_category,urgency_score,label,timestamp
10001,712,Customer support resolved my billing issue in 5 minutes.,Call Center Note,App Crash,0.3448,1,2026-09-12 09:43:27
10002,518,"Great quality product, highly recommended!",Mobile App,General Praise,0.3376,1,2026-09-05 04:27:27
10003,870,Customer support resolved my billing issue in 5 minutes.,Mobile App,UI Ergonomics,0.1301,1,2026-09-12 20:26:27
10004,858,"Great quality product, highly recommended!",Call Center Note,General Praise,0.1532,1,2026-08-29 12:51:27
10005,539,System latency is terrible after the latest update.,Call Center Note,Product Quality,0.7813,0,2026-08-23 04:14:27
10006,166,"Major outage across the platform, unable to log in.",Email Support,Billing Defect,0.7041,0,2026-08-22 18:49:27
10007,412,Package arrived damaged and customer support is ignoring my emails.,Twitter,Product Quality,0.6825,0,2026-08-30 20:42:27
10008,104,"Great quality product, highly recommended!",Web Review,Product Quality,0.0901,1,2026-09-06 09:03:27
10009,664,"Major outage across the platform, unable to log in.",Mobile App,General Praise,0.694,0,2026-09-14 09:06:27
10010,310,Fast shipping and nice packaging.,Email Support,Billing Defect,0.0474,1,2026-09-11 01:49:27
10011,747,Package arrived damaged and customer support is ignoring my emails.,Call Center Note,App Crash,0.9005,0,2026-08-19 06:15:27
10012,586,Love the new design update! Very smooth.,Twitter,UI Ergonomics,0.3597,1,2026-09-08 11:10:27
10013,776,Customer support resolved my billing issue in 5 minutes.,Web Review,Billing Defect,0.2935,1,2026-08-25 08:09:27
10014,122,"Double charged on my credit card, fix this immediately!",Call Center Note,General Praise,0.6559,0,2026-09-16 22:35:27
10015,431,"Major outage across the platform, unable to log in.",Call Center Note,Billing Defect,0.9009,0,2026-09-06 11:37:27
10016,328,"Major outage across the platform, unable to log in.",Mobile App,Billing Defect,0.6762,0,2026-08-26 18:47:27
10017,552,Package arrived damaged and customer support is ignoring my emails.,Email Support,UI Ergonomics,0.7635,0,2026-08-28 22:12:27
10018,853,"Great quality product, highly recommended!",Call Center Note,General Praise,0.163,1,2026-09-17 09:08:27
10019,772,"Great quality product, highly recommended!",Twitter,Shipping Delay,0.3872,1,2026-09-04 15:41:27
10020,759,"Double charged on my credit card, fix this immediately!",Email Support,Product Quality,0.7628,0,2026-08-31 14:00:27
10021,785,Fast shipping and nice packaging.,Web Review,General Praise,0.0659,1,2026-09-16 17:56:27
10022,143,Fast shipping and nice packaging.,Twitter,Billing Defect,0.3696,1,2026-08-24 12:02:27
10023,764,"Great quality product, highly recommended!",Email Support,UI Ergonomics,0.165,1,2026-08-28 22:54:27
10024,728,Customer support resolved my billing issue in 5 minutes.,Call Center Note,Product Quality,0.1747,1,2026-09-03 04:15:27
10025,942,Love the new design update! Very smooth.,Email Support,App Crash,0.3529,1,2026-09-03 12:44:27
10026,257,System latency is terrible after the latest update.,Web Review,General Praise,0.7035,0,2026-09-16 07:15:27
10027,279,System latency is terrible after the latest update.,Email Support,General Praise,0.984,0,2026-08-28 07:37:27
10028,184,Love the new design update! Very smooth.,Mobile App,Shipping Delay,0.047,1,2026-09-01 03:00:27
10029,623,"Double charged on my credit card, fix this immediately!",Twitter,App Crash,0.9572,0,2026-09-17 00:31:27
10030,286,System latency is terrible after the latest update.,Email Support,Billing Defect,0.8105,0,2026-08-28 07:00:27
10031,466,"Great quality product, highly recommended!",Twitter,UI Ergonomics,0.3047,1,2026-08-19 14:36:27
10032,930,Package arrived damaged and customer support is ignoring my emails.,Web Review,UI Ergonomics,0.7129,0,2026-09-15 08:39:27
10033,162,Customer support resolved my billing issue in 5 minutes.,Twitter,Product Quality,0.0623,1,2026-09-14 18:21:27
10034,761,"Major outage across the platform, unable to log in.",Twitter,App Crash,0.6616,0,2026-08-27 15:51:27
10035,990,"Double charged on my credit card, fix this immediately!",Web Review,UI Ergonomics,0.6115,0,2026-09-01 17:23:27
10036,908,"Great quality product, highly recommended!",Twitter,App Crash,0.3291,1,2026-09-03 16:01:27
10037,422,System latency is terrible after the latest update.,Mobile App,Shipping Delay,0.8593,0,2026-09-08 22:16:27
10038,275,"Major outage across the platform, unable to log in.",Email Support,Product Quality,0.9417,0,2026-08-25 12:33:27
10039,286,"Double charged on my credit card, fix this immediately!",Mobile App,Product Quality,0.6926,0,2026-09-12 05:24:27
10040,722,Fast shipping and nice packaging.,Twitter,UI Ergonomics,0.0619,1,2026-09-10 04:14:27
10041,133,Customer support resolved my billing issue in 5 minutes.,Call Center Note,Billing Defect,0.1756,1,2026-09-08 21:58:27
10042,343,Customer support resolved my billing issue in 5 minutes.,Web Review,Billing Defect,0.0715,1,2026-09-04 15:46:27
10043,316,Customer support resolved my billing issue in 5 minutes.,Web Review,UI Ergonomics,0.2767,1,2026-09-07 07:59:27
10044,421,Customer support resolved my billing issue in 5 minutes.,Twitter,Shipping Delay,0.3882,1,2026-08-18 14:23:27
10045,191,"Major outage across the platform, unable to log in.",Mobile App,Billing Defect,0.8066,0,2026-08-19 10:08:27
10046,792,Love the new design update! Very smooth.,Mobile App,App Crash,0.1152,1,2026-09-15 02:24:27
10047,144,Package arrived damaged and customer support is ignoring my emails.,Call Center Note,General Praise,0.701,0,2026-09-05 15:37:27
10048,253,"Great quality product, highly recommended!",Web Review,General Praise,0.1025,1,2026-08-28 18:23:27
10049,221,Customer support resolved my billing issue in 5 minutes.,Call Center Note,Product Quality,0.0804,1,2026-09-15 19:40:27
10050,602,Love the new design update! Very smooth.,Twitter,General Praise,0.2536,1,2026-09-13 17:13:27
10051,609,Customer support resolved my billing issue in 5 minutes.,Twitter,UI Ergonomics,0.0212,1,2026-09-15 10:22:27
10052,371,"Major outage across the platform, unable to log in.",Mobile App,Shipping Delay,0.6801,0,2026-09-11 05:20:27
10053,829,System latency is terrible after the latest update.,Call Center Note,Shipping Delay,0.6638,0,2026-08-31 04:57:27
10054,474,"Double charged on my credit card, fix this immediately!",Email Support,Billing Defect,0.9134,0,2026-08-26 08:58:27
10055,459,"Great quality product, highly recommended!",Call Center Note,App Crash,0.3485,1,2026-09-11 09:35:27
10056,545,Fast shipping and nice packaging.,Call Center Note,UI Ergonomics,0.3954,1,2026-09-13 21:32:27
10057,608,App keeps crashing during checkout payment step!,Call Center Note,Shipping Delay,0.8434,0,2026-09-16 15:42:27
10058,602,"Great quality product, highly recommended!",Mobile App,Shipping Delay,0.3858,1,2026-09-17 08:27:27
10059,826,Fast shipping and nice packaging.,Email Support,General Praise,0.2267,1,2026-09-07 23:04:27
10060,671,System latency is terrible after the latest update.,Email Support,Product Quality,0.7695,0,2026-08-29 08:42:27
10061,905,App keeps crashing during checkout payment step!,Call Center Note,Billing Defect,0.6439,0,2026-08-24 17:22:27
10062,991,Love the new design update! Very smooth.,Web Review,Product Quality,0.2717,1,2026-09-10 02:17:27
10063,266,Customer support resolved my billing issue in 5 minutes.,Mobile App,Shipping Delay,0.0165,1,2026-08-24 17:40:27
10064,713,Fast shipping and nice packaging.,Web Review,Shipping Delay,0.1553,1,2026-08-21 15:21:27
10065,549,System latency is terrible after the latest update.,Twitter,General Praise,0.9429,0,2026-09-03 12:55:27
10066,928,"Major outage across the platform, unable to log in.",Twitter,General Praise,0.7974,0,2026-08-31 18:35:27
10067,783,Fast shipping and nice packaging.,Web Review,Shipping Delay,0.0956,1,2026-09-07 11:54:27
10068,778,System latency is terrible after the latest update.,Mobile App,Shipping Delay,0.9096,0,2026-08-31 20:28:27
10069,335,System latency is terrible after the latest update.,Twitter,General Praise,0.9495,0,2026-08-27 03:15:27
10070,194,Love the new design update! Very smooth.,Web Review,UI Ergonomics,0.2038,1,2026-08-27 12:17:27
10071,160,Fast shipping and nice packaging.,Email Support,UI Ergonomics,0.1313,1,2026-08-25 05:13:27
10072,219,"Major outage across the platform, unable to log in.",Twitter,Product Quality,0.8458,0,2026-08-21 19:47:27
10073,593,"Major outage across the platform, unable to log in.",Call Center Note,Product Quality,0.73,0,2026-09-05 16:56:27
10074,149,Love the new design update! Very smooth.,Email Support,App Crash,0.3771,1,2026-09-05 08:55:27
10075,343,Fast shipping and nice packaging.,Web Review,General Praise,0.1112,1,2026-09-03 10:03:27
10076,664,Fast shipping and nice packaging.,Call Center Note,General Praise,0.0126,1,2026-08-28 17:57:27
10077,866,Love the new design update! Very smooth.,Email Support,UI Ergonomics,0.3711,1,2026-08-27 04:28:27
10078,626,Package arrived damaged and customer support is ignoring my emails.,Twitter,Product Quality,0.6062,0,2026-09-06 08:20:27
10079,911,"Great quality product, highly recommended!",Web Review,App Crash,0.3242,1,2026-08-21 12:47:27
10080,708,"Major outage across the platform, unable to log in.",Email Support,App Crash,0.7515,0,2026-09-06 03:08:27
10081,381,Love the new design update! Very smooth.,Twitter,UI Ergonomics,0.115,1,2026-09-10 05:18:27
10082,482,"Great quality product, highly recommended!",Twitter,Shipping Delay,0.0061,1,2026-09-10 06:58:27
10083,181,Fast shipping and nice packaging.,Twitter,Shipping Delay,0.3737,1,2026-08-23 21:12:27
10084,601,Love the new design update! Very smooth.,Email Support,General Praise,0.3915,1,2026-09-06 13:16:27
10085,530,App keeps crashing during checkout payment step!,Email Support,UI Ergonomics,0.9432,0,2026-09-01 07:40:27
10086,940,Customer support resolved my billing issue in 5 minutes.,Twitter,UI Ergonomics,0.2131,1,2026-09-02 09:34:27
10087,625,Customer support resolved my billing issue in 5 minutes.,Twitter,Billing Defect,0.3198,1,2026-08-24 07:43:27
10088,724,Fast shipping and nice packaging.,Mobile App,UI Ergonomics,0.0404,1,2026-09-11 22:03:27
10089,659,Fast shipping and nice packaging.,Mobile App,Shipping Delay,0.3403,1,2026-08-21 20:46:27
10090,858,Fast shipping and nice packaging.,Mobile App,Billing Defect,0.2563,1,2026-08-20 14:28:27
10091,748,Package arrived damaged and customer support is ignoring my emails.,Call Center Note,UI Ergonomics,0.8603,0,2026-08-30 09:06:27
10092,405,Customer support resolved my billing issue in 5 minutes.,Mobile App,Billing Defect,0.2529,1,2026-09-16 08:00:27
10093,568,Love the new design update! Very smooth.,Web Review,App Crash,0.3752,1,2026-08-29 23:52:27
10094,531,Fast shipping and nice packaging.,Twitter,App Crash,0.2636,1,2026-09-13 00:34:27
10095,902,Love the new design update! Very smooth.,Email Support,Shipping Delay,0.3966,1,2026-08-26 19:30:27
10096,419,System latency is terrible after the latest update.,Twitter,Shipping Delay,0.646,0,2026-09-10 21:12:27
10097,570,App keeps crashing during checkout payment step!,Twitter,Billing Defect,0.6191,0,2026-09-09 17:17:27
10098,913,Customer support resolved my billing issue in 5 minutes.,Twitter,General Praise,0.1942,1,2026-09-15 04:22:27
10099,975,System latency is terrible after the latest update.,Email Support,App Crash,0.7947,0,2026-09-15 02:42:27
10100,923,"Great quality product, highly recommended!",Email Support,General Praise,0.3053,1,2026-09-13 02:12:27
10101,594,System latency is terrible after the latest update.,Web Review,App Crash,0.8976,0,2026-08-28 15:39:27
10102,330,"Great quality product, highly recommended!",Mobile App,General Praise,0.2455,1,2026-09-16 02:30:27
10103,410,Customer support resolved my billing issue in 5 minutes.,Email Support,UI Ergonomics,0.0722,1,2026-09-04 09:11:27
10104,773,"Major outage across the platform, unable to log in.",Web Review,Billing Defect,0.6623,0,2026-09-16 04:50:27
10105,739,"Major outage across the platform, unable to log in.",Mobile App,General Praise,0.8906,0,2026-09-03 15:41:27
10106,786,System latency is terrible after the latest update.,Mobile App,Shipping Delay,0.8804,0,2026-09-03 22:21:27
10107,714,Love the new design update! Very smooth.,Web Review,Product Quality,0.0928,1,2026-09-01 19:57:27
10108,493,Fast shipping and nice packaging.,Web Review,UI Ergonomics,0.1439,1,2026-08-29 22:30:27
10109,802,Love the new design update! Very smooth.,Call Center Note,App Crash,0.2003,1,2026-09-02 22:01:27
10110,493,"Double charged on my credit card, fix this immediately!",Mobile App,Product Quality,0.8592,0,2026-09-13 22:08:27
10111,165,"Major outage across the platform, unable to log in.",Mobile App,Product Quality,0.9525,0,2026-08-27 12:45:27
10112,632,System latency is terrible after the latest update.,Call Center Note,UI Ergonomics,0.8213,0,2026-08-24 18:29:27
10113,354,"Great quality product, highly recommended!",Mobile App,App Crash,0.25,1,2026-08-25 09:21:27
10114,689,Love the new design update! Very smooth.,Mobile App,Billing Defect,0.1338,1,2026-08-24 23:36:27
10115,623,Customer support resolved my billing issue in 5 minutes.,Mobile App,Shipping Delay,0.115,1,2026-08-18 21:24:27
10116,609,System latency is terrible after the latest update.,Web Review,Shipping Delay,0.8916,0,2026-09-14 07:48:27
10117,544,Fast shipping and nice packaging.,Email Support,UI Ergonomics,0.2013,1,2026-09-02 05:11:27
10118,913,Package arrived damaged and customer support is ignoring my emails.,Web Review,General Praise,0.9041,0,2026-08-29 12:12:27
10119,576,Love the new design update! Very smooth.,Email Support,App Crash,0.3647,1,2026-08-22 00:18:27
10120,465,System latency is terrible after the latest update.,Mobile App,General Praise,0.9437,0,2026-08-27 17:25:27
10121,289,"Double charged on my credit card, fix this immediately!",Email Support,Billing Defect,0.9978,0,2026-08-24 23:58:27
10122,861,Fast shipping and nice packaging.,Twitter,App Crash,0.3942,1,2026-09-06 12:50:27
10123,905,System latency is terrible after the latest update.,Email Support,UI Ergonomics,0.8271,0,2026-08-30 07:40:27
10124,272,Love the new design update! Very smooth.,Call Center Note,Shipping Delay,0.103,1,2026-08-19 01:09:27
10125,212,"Great quality product, highly recommended!",Email Support,Shipping Delay,0.089,1,2026-08-19 12:44:27
10126,244,Love the new design update! Very smooth.,Call Center Note,Shipping Delay,0.1405,1,2026-09-01 22:56:27
10127,387,Fast shipping and nice packaging.,Call Center Note,Product Quality,0.1019,1,2026-09-12 09:21:27
10128,110,Customer support resolved my billing issue in 5 minutes.,Call Center Note,Billing Defect,0.1282,1,2026-08-22 20:49:27
10129,263,"Great quality product, highly recommended!",Web Review,Shipping Delay,0.3005,1,2026-09-05 10:08:27
10130,607,App keeps crashing during checkout payment step!,Twitter,General Praise,0.7916,0,2026-09-03 20:17:27
10131,771,"Great quality product, highly recommended!",Call Center Note,App Crash,0.027,1,2026-08-27 01:32:27
10132,316,Love the new design update! Very smooth.,Twitter,UI Ergonomics,0.1721,1,2026-09-02 07:18:27
10133,304,"Double charged on my credit card, fix this immediately!",Twitter,Shipping Delay,0.7949,0,2026-09-17 05:01:27
10134,640,"Great quality product, highly recommended!",Web Review,Billing Defect,0.2293,1,2026-09-06 19:14:27
10135,368,Customer support resolved my billing issue in 5 minutes.,Twitter,Billing Defect,0.2636,1,2026-08-31 20:50:27
10136,859,System latency is terrible after the latest update.,Call Center Note,General Praise,0.937,0,2026-09-05 05:08:27
10137,629,"Great quality product, highly recommended!",Email Support,Product Quality,0.115,1,2026-09-12 21:13:27
10138,675,App keeps crashing during checkout payment step!,Email Support,Shipping Delay,0.8099,0,2026-09-14 15:06:27
10139,673,"Great quality product, highly recommended!",Mobile App,Shipping Delay,0.334,1,2026-09-05 21:06:27
10140,319,Love the new design update! Very smooth.,Email Support,UI Ergonomics,0.153,1,2026-09-01 01:26:27
10141,198,Love the new design update! Very smooth.,Web Review,App Crash,0.1133,1,2026-09-14 03:08:27
10142,983,Package arrived damaged and customer support is ignoring my emails.,Twitter,Product Quality,0.8555,0,2026-08-22 11:28:27
10143,899,Customer support resolved my billing issue in 5 minutes.,Twitter,Billing Defect,0.3487,1,2026-09-07 12:41:27
10144,925,"Great quality product, highly recommended!",Twitter,Billing Defect,0.2759,1,2026-08-26 08:59:27
10145,853,Fast shipping and nice packaging.,Web Review,Shipping Delay,0.0424,1,2026-08-18 13:20:27
10146,307,App keeps crashing during checkout payment step!,Twitter,Shipping Delay,0.7521,0,2026-08-18 20:17:27
10147,767,Customer support resolved my billing issue in 5 minutes.,Mobile App,Billing Defect,0.1234,1,2026-08-19 22:36:27
10148,197,App keeps crashing during checkout payment step!,Mobile App,App Crash,0.9898,0,2026-09-11 11:59:27
10149,784,Customer support resolved my billing issue in 5 minutes.,Call Center Note,UI Ergonomics,0.1084,1,2026-09-04 08:18:27
10150,947,"Great quality product, highly recommended!",Mobile App,Billing Defect,0.3657,1,2026-09-12 08:25:27
10151,321,Customer support resolved my billing issue in 5 minutes.,Call Center Note,Billing Defect,0.2072,1,2026-09-08 05:04:27
10152,132,Customer support resolved my billing issue in 5 minutes.,Web Review,UI Ergonomics,0.24,1,2026-08-19 10:47:27
10153,925,Love the new design update! Very smooth.,Mobile App,UI Ergonomics,0.3657,1,2026-09-02 13:06:27
10154,196,"Great quality product, highly recommended!",Mobile App,UI Ergonomics,0.2439,1,2026-08-18 17:25:27
10155,410,System latency is terrible after the latest update.,Twitter,App Crash,0.8811,0,2026-08-25 06:05:27
10156,330,App keeps crashing during checkout payment step!,Web Review,General Praise,0.7127,0,2026-08-23 04:47:27
10157,433,Customer support resolved my billing issue in 5 minutes.,Twitter,General Praise,0.3496,1,2026-08-26 06:49:27
10158,289,Package arrived damaged and customer support is ignoring my emails.,Web Review,General Praise,0.7431,0,2026-08-25 12:28:27
10159,235,Fast shipping and nice packaging.,Twitter,General Praise,0.051,1,2026-09-12 14:47:27
10160,445,Customer support resolved my billing issue in 5 minutes.,Call Center Note,Billing Defect,0.1256,1,2026-09-16 12:53:27
10161,103,"Major outage across the platform, unable to log in.",Call Center Note,UI Ergonomics,0.7313,0,2026-08-30 18:57:27
10162,425,Love the new design update! Very smooth.,Web Review,Shipping Delay,0.2955,1,2026-08-19 07:33:27
10163,700,"Great quality product, highly recommended!",Mobile App,App Crash,0.2613,1,2026-09-06 18:50:27
10164,684,App keeps crashing during checkout payment step!,Web Review,UI Ergonomics,0.8254,0,2026-09-03 09:19:27
10165,843,System latency is terrible after the latest update.,Web Review,Shipping Delay,0.8685,0,2026-08-27 04:52:27
10166,323,Customer support resolved my billing issue in 5 minutes.,Email Support,Shipping Delay,0.3737,1,2026-08-22 02:02:27
10167,768,Package arrived damaged and customer support is ignoring my emails.,Twitter,Shipping Delay,0.7194,0,2026-09-06 16:19:27
10168,247,Love the new design update! Very smooth.,Mobile App,Shipping Delay,0.2881,1,2026-09-01 21:57:27
10169,629,Customer support resolved my billing issue in 5 minutes.,Mobile App,Billing Defect,0.2595,1,2026-08-20 02:21:27
10170,647,"Great quality product, highly recommended!",Web Review,UI Ergonomics,0.1985,1,2026-09-04 05:14:27
10171,696,"Great quality product, highly recommended!",Twitter,Product Quality,0.0474,1,2026-09-01 09:16:27
10172,378,Fast shipping and nice packaging.,Call Center Note,UI Ergonomics,0.0562,1,2026-08-19 05:58:27
10173,223,Love the new design update! Very smooth.,Email Support,Product Quality,0.0776,1,2026-09-14 00:15:27
10174,108,Love the new design update! Very smooth.,Web Review,UI Ergonomics,0.03,1,2026-08-31 23:21:27
10175,925,App keeps crashing during checkout payment step!,Call Center Note,UI Ergonomics,0.842,0,2026-08-30 17:14:27
10176,179,Customer support resolved my billing issue in 5 minutes.,Mobile App,App Crash,0.3926,1,2026-09-17 00:58:27
10177,168,"Great quality product, highly recommended!",Mobile App,Product Quality,0.2796,1,2026-09-08 15:08:27
10178,394,App keeps crashing during checkout payment step!,Web Review,Billing Defect,0.9162,0,2026-08-22 19:52:27
10179,338,Love the new design update! Very smooth.,Email Support,UI Ergonomics,0.133,1,2026-09-11 18:01:27
10180,764,"Double charged on my credit card, fix this immediately!",Web Review,App Crash,0.7777,0,2026-09-03 12:12:27
10181,172,System latency is terrible after the latest update.,Twitter,Billing Defect,0.9486,0,2026-08-26 00:16:27
10182,983,Customer support resolved my billing issue in 5 minutes.,Mobile App,Shipping Delay,0.3916,1,2026-08-24 15:50:27
10183,351,Customer support resolved my billing issue in 5 minutes.,Web Review,Shipping Delay,0.2392,1,2026-09-04 13:21:27
10184,367,Love the new design update! Very smooth.,Web Review,Product Quality,0.0511,1,2026-09-15 13:34:27
10185,257,"Great quality product, highly recommended!",Twitter,UI Ergonomics,0.3772,1,2026-08-28 17:58:27
10186,986,App keeps crashing during checkout payment step!,Call Center Note,Shipping Delay,0.871,0,2026-09-13 01:17:27
10187,820,"Great quality product, highly recommended!",Twitter,UI Ergonomics,0.0085,1,2026-09-05 18:30:27
10188,484,"Major outage across the platform, unable to log in.",Mobile App,General Praise,0.7908,0,2026-09-17 00:12:27
10189,978,Customer support resolved my billing issue in 5 minutes.,Web Review,App Crash,0.343,1,2026-08-25 15:51:27
10190,582,"Great quality product, highly recommended!",Web Review,Billing Defect,0.353,1,2026-08-27 13:09:27
10191,732,Customer support resolved my billing issue in 5 minutes.,Mobile App,General Praise,0.09,1,2026-08-20 00:18:27
10192,433,"Great quality product, highly recommended!",Call Center Note,Shipping Delay,0.2087,1,2026-09-07 20:18:27
10193,635,Love the new design update! Very smooth.,Twitter,UI Ergonomics,0.3688,1,2026-09-11 06:26:27
10194,121,Love the new design update! Very smooth.,Web Review,Shipping Delay,0.2229,1,2026-09-16 04:45:27
10195,164,"Major outage across the platform, unable to log in.",Twitter,Product Quality,0.7741,0,2026-08-29 00:57:27
10196,554,"Major outage across the platform, unable to log in.",Web Review,Shipping Delay,0.6194,0,2026-09-06 12:50:27
10197,855,Fast shipping and nice packaging.,Web Review,General Praise,0.3074,1,2026-08-23 07:22:27
10198,749,"Great quality product, highly recommended!",Twitter,UI Ergonomics,0.3577,1,2026-09-07 14:24:27
10199,366,Love the new design update! Very smooth.,Email Support,General Praise,0.1344,1,2026-09-16 07:32:27
10200,691,"Great quality product, highly recommended!",Web Review,General Praise,0.3425,1,2026-09-15 12:00:27
10201,186,Fast shipping and nice packaging.,Email Support,Billing Defect,0.0744,1,2026-09-12 16:32:27
10202,829,Package arrived damaged and customer support is ignoring my emails.,Mobile App,Billing Defect,0.9681,0,2026-09-08 04:43:27
10203,295,Fast shipping and nice packaging.,Twitter,App Crash,0.0685,1,2026-09-10 06:13:27
10204,398,App keeps crashing during checkout payment step!,Email Support,General Praise,0.8601,0,2026-09-07 19:53:27
10205,426,"Major outage across the platform, unable to log in.",Mobile App,Billing Defect,0.7019,0,2026-08-19 22:47:27
10206,884,Love the new design update! Very smooth.,Mobile App,General Praise,0.0573,1,2026-09-10 00:52:27
10207,383,"Double charged on my credit card, fix this immediately!",Call Center Note,General Praise,0.7753,0,2026-09-14 14:31:27
10208,935,"Major outage across the platform, unable to log in.",Web Review,Billing Defect,0.8773,0,2026-09-06 12:40:27
10209,283,"Great quality product, highly recommended!",Call Center Note,App Crash,0.1676,1,2026-09-09 06:22:27
10210,468,"Great quality product, highly recommended!",Web Review,Shipping Delay,0.221,1,2026-08-29 14:43:27
10211,497,Package arrived damaged and customer support is ignoring my emails.,Mobile App,Shipping Delay,0.8501,0,2026-09-01 18:49:27
10212,429,Love the new design update! Very smooth.,Twitter,Product Quality,0.2962,1,2026-09-04 10:08:27
10213,114,"Major outage across the platform, unable to log in.",Web Review,UI Ergonomics,0.9421,0,2026-09-08 00:46:27
10214,600,"Great quality product, highly recommended!",Mobile App,Shipping Delay,0.1949,1,2026-09-16 17:52:27
10215,554,"Major outage across the platform, unable to log in.",Mobile App,UI Ergonomics,0.7829,0,2026-08-20 18:54:27
10216,183,Love the new design update! Very smooth.,Call Center Note,UI Ergonomics,0.1163,1,2026-09-15 00:49:27
10217,953,Customer support resolved my billing issue in 5 minutes.,Email Support,App Crash,0.2758,1,2026-09-02 01:05:27
10218,229,Customer support resolved my billing issue in 5 minutes.,Twitter,App Crash,0.033,1,2026-09-16 16:17:27
10219,642,"Major outage across the platform, unable to log in.",Mobile App,Shipping Delay,0.6137,0,2026-08-27 06:27:27
10220,440,Love the new design update! Very smooth.,Twitter,App Crash,0.2963,1,2026-09-07 06:12:27
10221,665,App keeps crashing during checkout payment step!,Email Support,General Praise,0.905,0,2026-09-08 22:53:27
10222,453,"Great quality product, highly recommended!",Email Support,Product Quality,0.0273,1,2026-09-09 14:32:27
10223,238,Customer support resolved my billing issue in 5 minutes.,Email Support,Billing Defect,0.1522,1,2026-09-06 17:04:27
10224,578,Customer support resolved my billing issue in 5 minutes.,Mobile App,Shipping Delay,0.0777,1,2026-09-07 21:12:27
10225,976,Customer support resolved my billing issue in 5 minutes.,Twitter,UI Ergonomics,0.3012,1,2026-09-02 19:50:27
10226,127,App keeps crashing during checkout payment step!,Web Review,General Praise,0.9971,0,2026-09-12 14:52:27
10227,706,Fast shipping and nice packaging.,Web Review,Shipping Delay,0.0131,1,2026-09-03 12:08:27
10228,501,"Major outage across the platform, unable to log in.",Call Center Note,General Praise,0.7069,0,2026-08-20 13:42:27
10229,102,Fast shipping and nice packaging.,Email Support,General Praise,0.0098,1,2026-09-10 19:53:27
10230,498,Fast shipping and nice packaging.,Email Support,App Crash,0.2256,1,2026-09-02 07:48:27
10231,935,"Double charged on my credit card, fix this immediately!",Mobile App,General Praise,0.6011,0,2026-09-05 21:43:27
10232,887,Customer support resolved my billing issue in 5 minutes.,Email Support,Product Quality,0.2794,1,2026-09-10 21:29:27
10233,444,"Major outage across the platform, unable to log in.",Web Review,General Praise,0.9568,0,2026-09-14 09:00:27
10234,748,Fast shipping and nice packaging.,Mobile App,Product Quality,0.1732,1,2026-09-01 14:38:27
10235,682,Customer support resolved my billing issue in 5 minutes.,Email Support,General Praise,0.0558,1,2026-08-28 01:07:27
10236,807,Fast shipping and nice packaging.,Web Review,App Crash,0.2704,1,2026-08-23 21:31:27
10237,768,Package arrived damaged and customer support is ignoring my emails.,Mobile App,Product Quality,0.652,0,2026-08-30 04:38:27
10238,823,Fast shipping and nice packaging.,Email Support,General Praise,0.1444,1,2026-08-29 02:07:27
10239,970,Package arrived damaged and customer support is ignoring my emails.,Email Support,App Crash,0.629,0,2026-08-25 20:21:27
10240,218,"Major outage across the platform, unable to log in.",Twitter,Billing Defect,0.962,0,2026-08-22 17:47:27
10241,790,Fast shipping and nice packaging.,Mobile App,Product Quality,0.0671,1,2026-09-02 16:00:27
10242,916,"Major outage across the platform, unable to log in.",Twitter,Billing Defect,0.6961,0,2026-09-17 01:56:27
10243,807,"Double charged on my credit card, fix this immediately!",Call Center Note,Billing Defect,0.9962,0,2026-08-20 06:08:27
10244,970,Package arrived damaged and customer support is ignoring my emails.,Call Center Note,UI Ergonomics,0.8768,0,2026-08-21 21:08:27
10245,533,System latency is terrible after the latest update.,Web Review,Billing Defect,0.7289,0,2026-09-01 21:44:27
10246,714,Love the new design update! Very smooth.,Twitter,UI Ergonomics,0.119,1,2026-09-12 15:23:27
10247,995,"Great quality product, highly recommended!",Email Support,General Praise,0.2423,1,2026-08-21 06:12:27
10248,371,Package arrived damaged and customer support is ignoring my emails.,Twitter,Billing Defect,0.8188,0,2026-09-15 15:56:27
10249,471,"Double charged on my credit card, fix this immediately!",Call Center Note,General Praise,0.6615,0,2026-09-04 03:01:27
10250,309,Love the new design update! Very smooth.,Call Center Note,App Crash,0.0875,1,2026-08-31 23:09:27
10251,123,"Great quality product, highly recommended!",Web Review,General Praise,0.1973,1,2026-09-08 15:13:27
10252,491,Package arrived damaged and customer support is ignoring my emails.,Call Center Note,Shipping Delay,0.6335,0,2026-09-11 01:13:27
10253,349,App keeps crashing during checkout payment step!,Mobile App,Product Quality,0.6541,0,2026-09-17 00:23:27
10254,461,"Double charged on my credit card, fix this immediately!",Call Center Note,Product Quality,0.6326,0,2026-09-15 08:14:27
10255,925,Customer support resolved my billing issue in 5 minutes.,Twitter,Shipping Delay,0.1349,1,2026-09-13 12:35:27
10256,954,Fast shipping and nice packaging.,Twitter,Shipping Delay,0.3661,1,2026-08-20 09:05:27
10257,959,System latency is terrible after the latest update.,Email Support,Shipping Delay,0.6666,0,2026-09-01 00:39:27
10258,126,"Major outage across the platform, unable to log in.",Email Support,Product Quality,0.95,0,2026-08-27 07:45:27
10259,205,"Double charged on my credit card, fix this immediately!",Twitter,App Crash,0.7397,0,2026-08-18 18:58:27
10260,937,App keeps crashing during checkout payment step!,Twitter,Billing Defect,0.6452,0,2026-08-23 13:06:27
10261,457,"Great quality product, highly recommended!",Twitter,Product Quality,0.1153,1,2026-08-20 13:58:27
10262,692,Fast shipping and nice packaging.,Mobile App,Shipping Delay,0.049,1,2026-09-10 18:37:27
10263,653,"Great quality product, highly recommended!",Mobile App,General Praise,0.3518,1,2026-09-06 08:52:27
10264,757,"Major outage across the platform, unable to log in.",Email Support,General Praise,0.6255,0,2026-08-20 08:18:27
10265,270,App keeps crashing during checkout payment step!,Call Center Note,App Crash,0.6021,0,2026-09-04 22:03:27
10266,783,Fast shipping and nice packaging.,Email Support,Billing Defect,0.1139,1,2026-09-05 15:16:27
10267,562,System latency is terrible after the latest update.,Email Support,Billing Defect,0.8565,0,2026-08-30 07:10:27
10268,396,Customer support resolved my billing issue in 5 minutes.,Call Center Note,UI Ergonomics,0.0673,1,2026-08-24 11:29:27
10269,766,System latency is terrible after the latest update.,Mobile App,UI Ergonomics,0.9601,0,2026-09-02 08:59:27
10270,553,Package arrived damaged and customer support is ignoring my emails.,Twitter,App Crash,0.648,0,2026-09-04 15:01:27
10271,515,System latency is terrible after the latest update.,Email Support,General Praise,0.8891,0,2026-09-06 15:17:27
10272,963,Love the new design update! Very smooth.,Twitter,UI Ergonomics,0.2899,1,2026-09-15 21:18:27
10273,248,Customer support resolved my billing issue in 5 minutes.,Web Review,Shipping Delay,0.3421,1,2026-09-09 04:38:27
10274,261,Love the new design update! Very smooth.,Email Support,UI Ergonomics,0.0339,1,2026-09-02 13:49:27
10275,544,Fast shipping and nice packaging.,Mobile App,Billing Defect,0.2173,1,2026-08-26 08:14:27
10276,102,Customer support resolved my billing issue in 5 minutes.,Web Review,Shipping Delay,0.0306,1,2026-08-19 15:22:27
10277,296,Love the new design update! Very smooth.,Twitter,UI Ergonomics,0.2423,1,2026-08-31 06:37:27
10278,344,Package arrived damaged and customer support is ignoring my emails.,Twitter,General Praise,0.8475,0,2026-09-12 02:38:27
10279,413,"Major outage across the platform, unable to log in.",Web Review,UI Ergonomics,0.6477,0,2026-08-24 08:47:27
10280,112,App keeps crashing during checkout payment step!,Web Review,General Praise,0.608,0,2026-09-14 12:29:27
10281,519,Customer support resolved my billing issue in 5 minutes.,Mobile App,Product Quality,0.3059,1,2026-09-07 01:24:27
10282,930,Love the new design update! Very smooth.,Email Support,UI Ergonomics,0.3314,1,2026-08-21 07:44:27
10283,286,"Great quality product, highly recommended!",Twitter,Shipping Delay,0.3463,1,2026-08-22 13:02:27
10284,445,Customer support resolved my billing issue in 5 minutes.,Twitter,App Crash,0.2933,1,2026-09-16 19:34:27
10285,161,"Great quality product, highly recommended!",Email Support,UI Ergonomics,0.3039,1,2026-08-25 14:25:27
10286,724,System latency is terrible after the latest update.,Web Review,Product Quality,0.8087,0,2026-09-06 05:57:27
10287,589,Customer support resolved my billing issue in 5 minutes.,Call Center Note,Shipping Delay,0.2889,1,2026-08-24 02:10:27
10288,487,App keeps crashing during checkout payment step!,Web Review,Shipping Delay,0.864,0,2026-09-17 06:40:27
10289,946,Customer support resolved my billing issue in 5 minutes.,Web Review,General Praise,0.1808,1,2026-09-02 20:03:27
10290,572,"Major outage across the platform, unable to log in.",Web Review,Shipping Delay,0.8185,0,2026-08-19 14:06:27
10291,806,"Great quality product, highly recommended!",Twitter,Shipping Delay,0.2778,1,2026-08-24 03:40:27
10292,271,"Double charged on my credit card, fix this immediately!",Twitter,App Crash,0.8304,0,2026-09-14 01:40:27
10293,972,Love the new design update! Very smooth.,Mobile App,Product Quality,0.3398,1,2026-09-08 20:29:27
10294,300,"Double charged on my credit card, fix this immediately!",Email Support,UI Ergonomics,0.9382,0,2026-08-18 16:30:27
10295,269,Love the new design update! Very smooth.,Email Support,General Praise,0.2418,1,2026-08-19 07:26:27
10296,683,"Great quality product, highly recommended!",Mobile App,Product Quality,0.1248,1,2026-09-16 06:15:27
10297,614,Fast shipping and nice packaging.,Mobile App,App Crash,0.3893,1,2026-08-21 19:19:27
10298,237,Customer support resolved my billing issue in 5 minutes.,Mobile App,Product Quality,0.1378,1,2026-08-19 02:56:27
10299,359,"Double charged on my credit card, fix this immediately!",Email Support,Product Quality,0.9699,0,2026-09-08 10:30:27
10300,224,Customer support resolved my billing issue in 5 minutes.,Mobile App,Product Quality,0.1587,1,2026-09-08 04:04:27
10301,357,App keeps crashing during checkout payment step!,Email Support,Billing Defect,0.7941,0,2026-08-28 08:55:27
10302,621,Customer support resolved my billing issue in 5 minutes.,Mobile App,Billing Defect,0.2515,1,2026-08-21 02:57:27
10303,873,"Great quality product, highly recommended!",Mobile App,Product Quality,0.17,1,2026-09-16 02:36:27
10304,773,Love the new design update! Very smooth.,Twitter,UI Ergonomics,0.0439,1,2026-09-05 14:04:27
10305,914,"Great quality product, highly recommended!",Email Support,General Praise,0.2664,1,2026-09-15 11:21:27
10306,822,"Great quality product, highly recommended!",Web Review,App Crash,0.0647,1,2026-08-21 05:11:27
10307,684,Customer support resolved my billing issue in 5 minutes.,Mobile App,General Praise,0.1326,1,2026-08-22 04:50:27
10308,881,Fast shipping and nice packaging.,Mobile App,UI Ergonomics,0.2391,1,2026-08-29 01:03:27
10309,942,Fast shipping and nice packaging.,Twitter,App Crash,0.1013,1,2026-09-08 02:04:27
10310,534,Love the new design update! Very smooth.,Twitter,Billing Defect,0.1594,1,2026-09-09 05:38:27
10311,824,Fast shipping and nice packaging.,Email Support,General Praise,0.3801,1,2026-08-23 22:31:27
10312,943,Fast shipping and nice packaging.,Twitter,Shipping Delay,0.0169,1,2026-08-23 15:22:27
10313,889,"Major outage across the platform, unable to log in.",Web Review,UI Ergonomics,0.7379,0,2026-08-30 05:14:27
10314,918,"Great quality product, highly recommended!",Email Support,App Crash,0.0767,1,2026-09-15 09:55:27
10315,943,"Major outage across the platform, unable to log in.",Twitter,Billing Defect,0.9169,0,2026-08-21 23:03:27
10316,461,Fast shipping and nice packaging.,Call Center Note,Billing Defect,0.2468,1,2026-08-26 22:13:27
10317,876,Love the new design update! Very smooth.,Twitter,Billing Defect,0.274,1,2026-09-07 22:38:27
10318,139,Package arrived damaged and customer support is ignoring my emails.,Mobile App,General Praise,0.7145,0,2026-09-03 10:35:27
10319,161,Love the new design update! Very smooth.,Call Center Note,General Praise,0.3599,1,2026-09-03 01:46:27
10320,417,App keeps crashing during checkout payment step!,Web Review,Shipping Delay,0.9903,0,2026-09-06 01:44:27
10321,713,Fast shipping and nice packaging.,Call Center Note,App Crash,0.3369,1,2026-08-24 03:20:27
10322,808,Fast shipping and nice packaging.,Email Support,Billing Defect,0.2346,1,2026-09-04 20:45:27
10323,890,Customer support resolved my billing issue in 5 minutes.,Email Support,General Praise,0.3876,1,2026-08-20 12:13:27
10324,258,App keeps crashing during checkout payment step!,Email Support,App Crash,0.9293,0,2026-09-11 11:12:27
10325,644,"Major outage across the platform, unable to log in.",Twitter,General Praise,0.8095,0,2026-08-20 17:23:27
10326,958,"Double charged on my credit card, fix this immediately!",Call Center Note,General Praise,0.7757,0,2026-09-04 15:59:27
10327,935,Fast shipping and nice packaging.,Web Review,General Praise,0.0421,1,2026-08-30 11:13:27
10328,801,Fast shipping and nice packaging.,Mobile App,App Crash,0.0306,1,2026-09-13 05:08:27
10329,800,Fast shipping and nice packaging.,Web Review,General Praise,0.2958,1,2026-09-06 16:09:27
10330,725,"Major outage across the platform, unable to log in.",Web Review,App Crash,0.8819,0,2026-08-18 14:09:27
10331,838,"Major outage across the platform, unable to log in.",Call Center Note,Product Quality,0.7649,0,2026-08-20 09:56:27
10332,383,Customer support resolved my billing issue in 5 minutes.,Web Review,App Crash,0.1552,1,2026-08-19 22:32:27
10333,159,"Major outage across the platform, unable to log in.",Web Review,UI Ergonomics,0.7276,0,2026-08-23 11:53:27
10334,628,"Double charged on my credit card, fix this immediately!",Email Support,General Praise,0.6045,0,2026-08-25 11:23:27
10335,340,"Great quality product, highly recommended!",Call Center Note,Shipping Delay,0.0945,1,2026-08-19 08:31:27
10336,617,Fast shipping and nice packaging.,Call Center Note,App Crash,0.2805,1,2026-09-09 08:36:27
10337,600,Fast shipping and nice packaging.,Call Center Note,General Praise,0.0968,1,2026-09-09 01:48:27
10338,555,"Great quality product, highly recommended!",Web Review,Product Quality,0.0644,1,2026-08-26 09:42:27
10339,259,"Double charged on my credit card, fix this immediately!",Email Support,Billing Defect,0.877,0,2026-09-13 06:29:27
10340,378,Love the new design update! Very smooth.,Web Review,Shipping Delay,0.2241,1,2026-09-15 16:05:27
10341,139,Fast shipping and nice packaging.,Web Review,UI Ergonomics,0.181,1,2026-09-16 08:48:27
10342,880,Fast shipping and nice packaging.,Twitter,Shipping Delay,0.0225,1,2026-08-23 07:02:27
10343,425,Customer support resolved my billing issue in 5 minutes.,Mobile App,Billing Defect,0.2268,1,2026-08-24 13:48:27
10344,979,Fast shipping and nice packaging.,Mobile App,General Praise,0.3542,1,2026-08-23 13:33:27
10345,577,Customer support resolved my billing issue in 5 minutes.,Twitter,App Crash,0.3626,1,2026-08-24 06:17:27
10346,819,"Double charged on my credit card, fix this immediately!",Web Review,Billing Defect,0.6855,0,2026-09-15 13:16:27
10347,853,"Double charged on my credit card, fix this immediately!",Email Support,Shipping Delay,0.7972,0,2026-09-04 08:12:27
10348,359,App keeps crashing during checkout payment step!,Email Support,UI Ergonomics,0.7903,0,2026-09-08 22:20:27
10349,775,Customer support resolved my billing issue in 5 minutes.,Email Support,Billing Defect,0.1281,1,2026-08-27 18:42:27
10350,122,App keeps crashing during checkout payment step!,Call Center Note,Shipping Delay,0.6763,0,2026-08-22 00:00:27
10351,443,"Double charged on my credit card, fix this immediately!",Twitter,App Crash,0.9095,0,2026-09-12 12:00:27
10352,505,"Great quality product, highly recommended!",Twitter,General Praise,0.0251,1,2026-09-14 21:38:27
10353,477,System latency is terrible after the latest update.,Email Support,UI Ergonomics,0.7767,0,2026-09-11 00:13:27
10354,554,App keeps crashing during checkout payment step!,Web Review,Product Quality,0.9258,0,2026-09-09 08:25:27
10355,453,Package arrived damaged and customer support is ignoring my emails.,Web Review,General Praise,0.931,0,2026-08-26 22:07:27
10356,886,Love the new design update! Very smooth.,Web Review,UI Ergonomics,0.1744,1,2026-08-19 14:40:27
10357,734,"Major outage across the platform, unable to log in.",Twitter,UI Ergonomics,0.9384,0,2026-09-03 04:33:27
10358,711,Love the new design update! Very smooth.,Email Support,Billing Defect,0.1252,1,2026-08-29 12:07:27
10359,759,Package arrived damaged and customer support is ignoring my emails.,Web Review,Product Quality,0.804,0,2026-09-16 02:47:27
10360,661,"Double charged on my credit card, fix this immediately!",Twitter,App Crash,0.7933,0,2026-08-22 07:23:27
10361,975,App keeps crashing during checkout payment step!,Email Support,Shipping Delay,0.9329,0,2026-09-14 02:22:27
10362,188,Fast shipping and nice packaging.,Email Support,Product Quality,0.2934,1,2026-09-15 09:58:27
10363,872,Love the new design update! Very smooth.,Call Center Note,App Crash,0.3598,1,2026-08-30 14:37:27
10364,327,Customer support resolved my billing issue in 5 minutes.,Twitter,Billing Defect,0.3843,1,2026-09-05 02:12:27
10365,232,System latency is terrible after the latest update.,Twitter,General Praise,0.7137,0,2026-08-25 09:39:27
10366,705,Love the new design update! Very smooth.,Email Support,Shipping Delay,0.2372,1,2026-09-05 01:38:27
10367,767,Package arrived damaged and customer support is ignoring my emails.,Call Center Note,Billing Defect,0.87,0,2026-08-19 00:58:27
10368,725,App keeps crashing during checkout payment step!,Call Center Note,Product Quality,0.6709,0,2026-09-13 14:05:27
10369,619,"Double charged on my credit card, fix this immediately!",Call Center Note,Product Quality,0.9431,0,2026-08-21 02:56:27
10370,956,Love the new design update! Very smooth.,Email Support,Shipping Delay,0.0405,1,2026-08-24 07:52:27
10371,148,Fast shipping and nice packaging.,Web Review,Billing Defect,0.3416,1,2026-09-13 04:01:27
10372,716,"Major outage across the platform, unable to log in.",Twitter,App Crash,0.7542,0,2026-09-04 07:43:27
10373,349,System latency is terrible after the latest update.,Twitter,Product Quality,0.7587,0,2026-08-19 16:43:27
10374,175,Customer support resolved my billing issue in 5 minutes.,Web Review,App Crash,0.3183,1,2026-09-16 12:21:27
10375,292,"Double charged on my credit card, fix this immediately!",Twitter,Shipping Delay,0.8406,0,2026-08-22 19:37:27
10376,924,Fast shipping and nice packaging.,Call Center Note,App Crash,0.2954,1,2026-08-26 17:33:27
10377,364,"Major outage across the platform, unable to log in.",Mobile App,UI Ergonomics,0.6327,0,2026-09-06 22:48:27
10378,546,Package arrived damaged and customer support is ignoring my emails.,Twitter,Shipping Delay,0.6439,0,2026-08-28 22:02:27
10379,726,App keeps crashing during checkout payment step!,Email Support,Product Quality,0.9817,0,2026-09-14 10:01:27
10380,275,Fast shipping and nice packaging.,Call Center Note,Product Quality,0.089,1,2026-08-22 10:24:27
10381,137,System latency is terrible after the latest update.,Call Center Note,App Crash,0.7791,0,2026-09-08 13:12:27
10382,913,System latency is terrible after the latest update.,Email Support,UI Ergonomics,0.8993,0,2026-09-14 06:13:27
10383,109,Customer support resolved my billing issue in 5 minutes.,Call Center Note,UI Ergonomics,0.0708,1,2026-09-02 13:32:27
10384,388,"Major outage across the platform, unable to log in.",Web Review,App Crash,0.7641,0,2026-08-19 08:57:27
10385,481,"Double charged on my credit card, fix this immediately!",Web Review,Billing Defect,0.8267,0,2026-09-04 08:28:27
10386,444,Fast shipping and nice packaging.,Mobile App,General Praise,0.1775,1,2026-08-28 09:12:27
10387,944,System latency is terrible after the latest update.,Email Support,General Praise,0.8335,0,2026-09-02 21:16:27
10388,255,Customer support resolved my billing issue in 5 minutes.,Email Support,App Crash,0.2618,1,2026-08-30 05:00:27
10389,984,Customer support resolved my billing issue in 5 minutes.,Mobile App,Billing Defect,0.3737,1,2026-08-24 20:22:27
10390,716,Love the new design update! Very smooth.,Web Review,Product Quality,0.3598,1,2026-08-27 21:32:27
10391,773,System latency is terrible after the latest update.,Mobile App,Billing Defect,0.932,0,2026-09-09 11:06:27
10392,769,Package arrived damaged and customer support is ignoring my emails.,Web Review,UI Ergonomics,0.8763,0,2026-09-01 17:57:27
10393,180,"Major outage across the platform, unable to log in.",Web Review,Shipping Delay,0.6343,0,2026-08-19 04:15:27
10394,637,Fast shipping and nice packaging.,Call Center Note,General Praise,0.0288,1,2026-09-16 01:40:27
10395,691,"Great quality product, highly recommended!",Call Center Note,Shipping Delay,0.1494,1,2026-08-19 04:06:27
10396,852,System latency is terrible after the latest update.,Mobile App,Billing Defect,0.9008,0,2026-08-19 19:51:27
10397,389,App keeps crashing during checkout payment step!,Web Review,General Praise,0.9897,0,2026-09-03 01:24:27
10398,147,Customer support resolved my billing issue in 5 minutes.,Email Support,Product Quality,0.215,1,2026-08-29 13:10:27
10399,247,Love the new design update! Very smooth.,Twitter,General Praise,0.0107,1,2026-08-22 09:46:27
10400,154,Love the new design update! Very smooth.,Email Support,Shipping Delay,0.2861,1,2026-08-31 13:43:27
10401,193,"Major outage across the platform, unable to log in.",Email Support,App Crash,0.9353,0,2026-09-16 21:00:27
10402,696,Customer support resolved my billing issue in 5 minutes.,Twitter,Shipping Delay,0.2988,1,2026-08-29 08:06:27
10403,508,Fast shipping and nice packaging.,Call Center Note,Product Quality,0.3038,1,2026-08-20 22:44:27
10404,398,Love the new design update! Very smooth.,Email Support,Billing Defect,0.2718,1,2026-08-30 17:24:27
10405,858,Customer support resolved my billing issue in 5 minutes.,Call Center Note,UI Ergonomics,0.0728,1,2026-09-10 08:59:27
10406,903,Fast shipping and nice packaging.,Email Support,App Crash,0.1347,1,2026-08-31 00:01:27
10407,325,"Great quality product, highly recommended!",Web Review,App Crash,0.3851,1,2026-09-08 04:19:27
10408,640,"Great quality product, highly recommended!",Call Center Note,Product Quality,0.107,1,2026-09-05 22:05:27
10409,411,"Great quality product, highly recommended!",Twitter,UI Ergonomics,0.1017,1,2026-09-16 01:22:27
10410,719,"Great quality product, highly recommended!",Email Support,Billing Defect,0.3378,1,2026-08-23 18:11:27
10411,888,Love the new design update! Very smooth.,Mobile App,Billing Defect,0.3673,1,2026-08-22 12:14:27
10412,883,"Great quality product, highly recommended!",Call Center Note,App Crash,0.3578,1,2026-09-10 02:53:27
10413,219,App keeps crashing during checkout payment step!,Call Center Note,App Crash,0.6899,0,2026-09-10 13:37:27
10414,771,Customer support resolved my billing issue in 5 minutes.,Mobile App,Billing Defect,0.2321,1,2026-08-30 13:17:27
10415,394,Customer support resolved my billing issue in 5 minutes.,Mobile App,General Praise,0.314,1,2026-09-01 19:27:27
10416,506,Love the new design update! Very smooth.,Web Review,Shipping Delay,0.2614,1,2026-08-22 19:24:27
10417,787,App keeps crashing during checkout payment step!,Mobile App,Product Quality,0.8358,0,2026-09-16 09:54:27
10418,519,Customer support resolved my billing issue in 5 minutes.,Twitter,App Crash,0.0089,1,2026-09-09 06:38:27
10419,479,"Great quality product, highly recommended!",Email Support,UI Ergonomics,0.0658,1,2026-09-16 01:19:27
10420,556,"Major outage across the platform, unable to log in.",Twitter,Shipping Delay,0.814,0,2026-08-31 22:18:27
10421,589,Fast shipping and nice packaging.,Mobile App,Shipping Delay,0.3539,1,2026-09-14 15:26:27
10422,289,Fast shipping and nice packaging.,Web Review,Billing Defect,0.0613,1,2026-09-03 06:57:27
10423,132,Love the new design update! Very smooth.,Call Center Note,Billing Defect,0.3227,1,2026-08-28 21:01:27
10424,199,Love the new design update! Very smooth.,Web Review,App Crash,0.0836,1,2026-08-23 16:57:27
10425,989,System latency is terrible after the latest update.,Mobile App,App Crash,0.8784,0,2026-09-03 18:40:27
10426,824,Love the new design update! Very smooth.,Twitter,General Praise,0.308,1,2026-08-23 07:06:27
10427,873,System latency is terrible after the latest update.,Mobile App,Billing Defect,0.7532,0,2026-08-19 23:46:27
10428,422,Package arrived damaged and customer support is ignoring my emails.,Mobile App,Shipping Delay,0.9619,0,2026-09-01 03:34:27
10429,704,Fast shipping and nice packaging.,Twitter,Billing Defect,0.1685,1,2026-08-28 02:49:27
10430,147,Love the new design update! Very smooth.,Twitter,Billing Defect,0.1812,1,2026-09-04 17:59:27
10431,105,Customer support resolved my billing issue in 5 minutes.,Mobile App,General Praise,0.2713,1,2026-08-20 15:23:27
10432,309,Customer support resolved my billing issue in 5 minutes.,Twitter,App Crash,0.0335,1,2026-08-21 19:21:27
10433,132,Love the new design update! Very smooth.,Email Support,Billing Defect,0.0954,1,2026-08-23 00:36:27
10434,354,Fast shipping and nice packaging.,Mobile App,App Crash,0.1918,1,2026-09-09 17:54:27
10435,876,"Great quality product, highly recommended!",Web Review,General Praise,0.2704,1,2026-08-24 15:03:27
10436,555,Love the new design update! Very smooth.,Twitter,UI Ergonomics,0.3398,1,2026-09-10 18:38:27
10437,814,System latency is terrible after the latest update.,Twitter,Billing Defect,0.6655,0,2026-09-12 15:06:27
10438,529,System latency is terrible after the latest update.,Mobile App,Billing Defect,0.6479,0,2026-08-29 01:27:27
10439,955,Customer support resolved my billing issue in 5 minutes.,Web Review,Product Quality,0.0373,1,2026-09-17 09:05:27
10440,635,Love the new design update! Very smooth.,Email Support,Billing Defect,0.2033,1,2026-08-22 03:51:27
10441,895,"Major outage across the platform, unable to log in.",Web Review,UI Ergonomics,0.7193,0,2026-09-15 10:06:27
10442,901,"Major outage across the platform, unable to log in.",Mobile App,Billing Defect,0.7679,0,2026-08-27 12:06:27
10443,321,"Great quality product, highly recommended!",Mobile App,App Crash,0.1548,1,2026-08-30 07:42:27
10444,620,"Great quality product, highly recommended!",Mobile App,General Praise,0.0823,1,2026-08-28 15:21:27
10445,475,"Double charged on my credit card, fix this immediately!",Mobile App,Product Quality,0.8325,0,2026-08-25 04:10:27
10446,888,Love the new design update! Very smooth.,Call Center Note,General Praise,0.0757,1,2026-09-13 02:11:27
10447,983,Customer support resolved my billing issue in 5 minutes.,Email Support,App Crash,0.3165,1,2026-09-01 15:55:27
10448,918,Love the new design update! Very smooth.,Web Review,Shipping Delay,0.093,1,2026-09-10 18:21:27
10449,992,"Great quality product, highly recommended!",Web Review,General Praise,0.1795,1,2026-09-09 00:34:27
10450,731,Package arrived damaged and customer support is ignoring my emails.,Call Center Note,Shipping Delay,0.9773,0,2026-08-30 13:31:27
10451,560,Fast shipping and nice packaging.,Call Center Note,Billing Defect,0.3752,1,2026-09-08 23:48:27
10452,365,System latency is terrible after the latest update.,Twitter,General Praise,0.6567,0,2026-08-30 13:05:27
10453,290,Fast shipping and nice packaging.,Email Support,UI Ergonomics,0.0735,1,2026-09-05 22:08:27
10454,305,"Great quality product, highly recommended!",Mobile App,UI Ergonomics,0.2663,1,2026-09-03 07:04:27
10455,518,"Double charged on my credit card, fix this immediately!",Email Support,General Praise,0.9343,0,2026-08-26 09:08:27
10456,590,App keeps crashing during checkout payment step!,Twitter,App Crash,0.8405,0,2026-09-09 16:20:27
10457,619,System latency is terrible after the latest update.,Twitter,Billing Defect,0.9385,0,2026-08-30 06:38:27
10458,303,Fast shipping and nice packaging.,Web Review,App Crash,0.2018,1,2026-09-01 19:13:27
10459,221,"Great quality product, highly recommended!",Email Support,General Praise,0.3391,1,2026-09-02 21:05:27
10460,944,Customer support resolved my billing issue in 5 minutes.,Web Review,Billing Defect,0.336,1,2026-08-22 16:44:27
10461,252,"Major outage across the platform, unable to log in.",Mobile App,Billing Defect,0.7186,0,2026-08-23 13:16:27
10462,323,"Major outage across the platform, unable to log in.",Web Review,Billing Defect,0.6882,0,2026-09-06 13:59:27
10463,603,"Great quality product, highly recommended!",Mobile App,Shipping Delay,0.1401,1,2026-08-27 02:19:27
10464,211,Customer support resolved my billing issue in 5 minutes.,Web Review,General Praise,0.1662,1,2026-08-25 13:08:27
10465,563,"Major outage across the platform, unable to log in.",Email Support,Product Quality,0.9959,0,2026-08-30 18:32:27
10466,962,"Major outage across the platform, unable to log in.",Email Support,UI Ergonomics,0.9766,0,2026-09-12 07:36:27
10467,932,System latency is terrible after the latest update.,Web Review,Product Quality,0.925,0,2026-08-26 07:46:27
10468,102,Customer support resolved my billing issue in 5 minutes.,Mobile App,Product Quality,0.2811,1,2026-09-14 10:44:27
10469,119,System latency is terrible after the latest update.,Email Support,UI Ergonomics,0.8207,0,2026-09-15 11:01:27
10470,120,Love the new design update! Very smooth.,Web Review,Product Quality,0.267,1,2026-09-06 01:46:27
10471,904,System latency is terrible after the latest update.,Mobile App,Billing Defect,0.7958,0,2026-08-21 01:20:27
10472,701,"Great quality product, highly recommended!",Web Review,Shipping Delay,0.3256,1,2026-08-18 21:53:27
10473,257,"Major outage across the platform, unable to log in.",Mobile App,Billing Defect,0.6118,0,2026-09-01 23:11:27
10474,931,Customer support resolved my billing issue in 5 minutes.,Web Review,Product Quality,0.1159,1,2026-08-31 12:21:27
10475,135,Love the new design update! Very smooth.,Twitter,Product Quality,0.031,1,2026-09-16 18:10:27
10476,790,Love the new design update! Very smooth.,Call Center Note,Billing Defect,0.3478,1,2026-09-16 03:56:27
10477,986,Package arrived damaged and customer support is ignoring my emails.,Web Review,Shipping Delay,0.7755,0,2026-09-03 21:53:27
10478,572,Love the new design update! Very smooth.,Call Center Note,Billing Defect,0.3382,1,2026-09-10 02:27:27
10479,533,App keeps crashing during checkout payment step!,Email Support,General Praise,0.8005,0,2026-08-30 16:31:27
10480,961,"Major outage across the platform, unable to log in.",Web Review,Billing Defect,0.9663,0,2026-09-17 02:29:27
10481,267,Customer support resolved my billing issue in 5 minutes.,Email Support,UI Ergonomics,0.3653,1,2026-08-19 17:07:27
10482,632,Fast shipping and nice packaging.,Mobile App,Billing Defect,0.3429,1,2026-09-06 07:18:27
10483,152,"Great quality product, highly recommended!",Mobile App,Billing Defect,0.2662,1,2026-08-19 10:22:27
10484,185,"Great quality product, highly recommended!",Web Review,UI Ergonomics,0.1043,1,2026-09-09 14:44:27
10485,936,Love the new design update! Very smooth.,Web Review,Shipping Delay,0.3185,1,2026-09-09 19:57:27
10486,984,Love the new design update! Very smooth.,Twitter,Product Quality,0.1317,1,2026-09-07 04:49:27
10487,424,Fast shipping and nice packaging.,Mobile App,General Praise,0.2127,1,2026-09-03 17:18:27
10488,161,"Great quality product, highly recommended!",Call Center Note,Shipping Delay,0.3865,1,2026-08-28 11:59:27
10489,225,Package arrived damaged and customer support is ignoring my emails.,Mobile App,App Crash,0.6123,0,2026-09-12 12:51:27
10490,370,Package arrived damaged and customer support is ignoring my emails.,Web Review,Shipping Delay,0.8666,0,2026-08-30 17:46:27
10491,168,"Major outage across the platform, unable to log in.",Call Center Note,App Crash,0.7433,0,2026-09-11 05:05:27
10492,184,"Double charged on my credit card, fix this immediately!",Email Support,Product Quality,0.9392,0,2026-09-08 00:22:27
10493,434,Customer support resolved my billing issue in 5 minutes.,Twitter,Shipping Delay,0.2247,1,2026-09-03 08:37:27
10494,680,"Great quality product, highly recommended!",Email Support,Shipping Delay,0.0944,1,2026-08-28 10:10:27
10495,224,Package arrived damaged and customer support is ignoring my emails.,Call Center Note,Billing Defect,0.6212,0,2026-09-05 00:13:27
10496,787,Love the new design update! Very smooth.,Mobile App,Product Quality,0.3253,1,2026-08-22 08:24:27
10497,779,"Double charged on my credit card, fix this immediately!",Twitter,Product Quality,0.9861,0,2026-09-03 04:02:27
10498,101,Love the new design update! Very smooth.,Web Review,Billing Defect,0.3649,1,2026-08-29 17:45:27
10499,334,Love the new design update! Very smooth.,Mobile App,Product Quality,0.1422,1,2026-09-05 03:47:27
10500,149,"Major outage across the platform, unable to log in.",Web Review,Product Quality,0.9719,0,2026-09-04 00:08:27
10501,276,"Great quality product, highly recommended!",Call Center Note,General Praise,0.067,1,2026-09-12 16:06:27
10502,544,"Double charged on my credit card, fix this immediately!",Web Review,General Praise,0.9593,0,2026-09-08 03:15:27
10503,163,"Great quality product, highly recommended!",Mobile App,Product Quality,0.3232,1,2026-09-02 20:58:27
10504,359,App keeps crashing during checkout payment step!,Web Review,App Crash,0.9829,0,2026-09-10 11:07:27
10505,117,System latency is terrible after the latest update.,Web Review,Shipping Delay,0.7896,0,2026-08-31 01:40:27
10506,131,Love the new design update! Very smooth.,Web Review,Product Quality,0.2265,1,2026-09-11 03:30:27
10507,988,System latency is terrible after the latest update.,Call Center Note,Billing Defect,0.6169,0,2026-09-13 16:49:27
10508,595,System latency is terrible after the latest update.,Call Center Note,App Crash,0.8688,0,2026-09-11 22:39:27
10509,935,"Double charged on my credit card, fix this immediately!",Email Support,App Crash,0.817,0,2026-08-22 03:44:27
10510,875,Customer support resolved my billing issue in 5 minutes.,Twitter,UI Ergonomics,0.3111,1,2026-09-08 10:27:27
10511,904,"Major outage across the platform, unable to log in.",Email Support,UI Ergonomics,0.8063,0,2026-08-22 19:28:27
10512,604,Fast shipping and nice packaging.,Mobile App,Product Quality,0.0413,1,2026-08-25 15:57:27
10513,905,"Great quality product, highly recommended!",Twitter,Product Quality,0.0594,1,2026-08-21 10:16:27
10514,657,Customer support resolved my billing issue in 5 minutes.,Twitter,Shipping Delay,0.2585,1,2026-09-12 12:17:27
10515,387,App keeps crashing during checkout payment step!,Web Review,UI Ergonomics,0.8338,0,2026-08-26 05:56:27
10516,451,Love the new design update! Very smooth.,Web Review,Product Quality,0.352,1,2026-08-31 17:34:27
10517,817,System latency is terrible after the latest update.,Email Support,App Crash,0.9189,0,2026-08-24 12:06:27
10518,186,Package arrived damaged and customer support is ignoring my emails.,Twitter,Product Quality,0.8244,0,2026-08-28 13:49:27
10519,394,Love the new design update! Very smooth.,Email Support,Product Quality,0.1892,1,2026-08-31 16:43:27
10520,308,Package arrived damaged and customer support is ignoring my emails.,Email Support,General Praise,0.7723,0,2026-08-26 12:31:27
10521,388,Fast shipping and nice packaging.,Email Support,General Praise,0.0727,1,2026-08-26 18:54:27
10522,837,"Double charged on my credit card, fix this immediately!",Twitter,Shipping Delay,0.7828,0,2026-09-01 08:37:27
10523,898,System latency is terrible after the latest update.,Email Support,UI Ergonomics,0.7546,0,2026-09-12 11:43:27
10524,946,"Major outage across the platform, unable to log in.",Call Center Note,App Crash,0.8543,0,2026-09-16 17:03:27
10525,761,App keeps crashing during checkout payment step!,Twitter,Billing Defect,0.6181,0,2026-09-12 08:50:27
10526,995,Customer support resolved my billing issue in 5 minutes.,Mobile App,App Crash,0.1903,1,2026-08-29 18:50:27
10527,261,Fast shipping and nice packaging.,Email Support,Billing Defect,0.1953,1,2026-09-16 18:30:27
10528,942,App keeps crashing during checkout payment step!,Mobile App,Billing Defect,0.8817,0,2026-09-13 06:47:27
10529,660,Package arrived damaged and customer support is ignoring my emails.,Call Center Note,App Crash,0.9982,0,2026-08-24 23:15:27
10530,223,Love the new design update! Very smooth.,Twitter,UI Ergonomics,0.3829,1,2026-09-04 13:48:27
10531,420,Package arrived damaged and customer support is ignoring my emails.,Call Center Note,App Crash,0.9034,0,2026-08-30 00:19:27
10532,594,System latency is terrible after the latest update.,Call Center Note,Billing Defect,0.7029,0,2026-08-20 20:02:27
10533,612,Fast shipping and nice packaging.,Email Support,App Crash,0.2373,1,2026-08-22 01:12:27
10534,388,Customer support resolved my billing issue in 5 minutes.,Twitter,Shipping Delay,0.0256,1,2026-09-08 08:36:27
10535,359,Customer support resolved my billing issue in 5 minutes.,Web Review,UI Ergonomics,0.0856,1,2026-09-10 03:43:27
10536,404,Fast shipping and nice packaging.,Web Review,App Crash,0.2424,1,2026-09-15 05:22:27
10537,394,Love the new design update! Very smooth.,Email Support,Product Quality,0.3869,1,2026-09-05 12:08:27
10538,378,"Major outage across the platform, unable to log in.",Call Center Note,UI Ergonomics,0.9098,0,2026-09-15 07:24:27
10539,630,Fast shipping and nice packaging.,Web Review,UI Ergonomics,0.0045,1,2026-09-02 13:41:27
10540,202,Fast shipping and nice packaging.,Web Review,Product Quality,0.0724,1,2026-09-11 00:04:27
10541,192,Customer support resolved my billing issue in 5 minutes.,Twitter,Shipping Delay,0.0845,1,2026-08-20 20:30:27
10542,799,Package arrived damaged and customer support is ignoring my emails.,Web Review,General Praise,0.9428,0,2026-08-26 17:28:27
10543,571,"Great quality product, highly recommended!",Mobile App,App Crash,0.2033,1,2026-08-28 16:49:27
10544,604,"Great quality product, highly recommended!",Web Review,Product Quality,0.1626,1,2026-08-31 05:31:27
10545,611,Package arrived damaged and customer support is ignoring my emails.,Call Center Note,UI Ergonomics,0.6644,0,2026-08-18 16:07:27
10546,915,"Major outage across the platform, unable to log in.",Email Support,UI Ergonomics,0.9515,0,2026-09-15 22:10:27
10547,716,Customer support resolved my billing issue in 5 minutes.,Email Support,UI Ergonomics,0.2982,1,2026-09-03 00:20:27
10548,625,Package arrived damaged and customer support is ignoring my emails.,Web Review,Product Quality,0.9342,0,2026-09-12 23:12:27
10549,632,Love the new design update! Very smooth.,Email Support,UI Ergonomics,0.1143,1,2026-08-18 18:09:27
10550,163,Customer support resolved my billing issue in 5 minutes.,Call Center Note,Billing Defect,0.1798,1,2026-08-24 23:45:27
10551,366,Customer support resolved my billing issue in 5 minutes.,Web Review,UI Ergonomics,0.1431,1,2026-08-29 00:26:27
10552,340,Love the new design update! Very smooth.,Call Center Note,General Praise,0.1634,1,2026-08-29 01:26:27
10553,297,Love the new design update! Very smooth.,Mobile App,Product Quality,0.1285,1,2026-09-15 09:33:27
10554,947,"Double charged on my credit card, fix this immediately!",Call Center Note,Billing Defect,0.6924,0,2026-08-21 14:31:27
10555,777,System latency is terrible after the latest update.,Web Review,General Praise,0.7944,0,2026-09-14 11:12:27
10556,683,Fast shipping and nice packaging.,Twitter,UI Ergonomics,0.1557,1,2026-09-08 06:22:27
10557,347,App keeps crashing during checkout payment step!,Call Center Note,Shipping Delay,0.836,0,2026-09-14 20:49:27
10558,938,Customer support resolved my billing issue in 5 minutes.,Web Review,Billing Defect,0.3006,1,2026-09-15 09:52:27
10559,452,System latency is terrible after the latest update.,Email Support,Billing Defect,0.6373,0,2026-09-01 19:53:27
10560,707,Package arrived damaged and customer support is ignoring my emails.,Mobile App,Billing Defect,0.8424,0,2026-09-13 18:23:27
10561,110,Customer support resolved my billing issue in 5 minutes.,Web Review,App Crash,0.2584,1,2026-09-11 15:32:27
10562,403,App keeps crashing during checkout payment step!,Call Center Note,Shipping Delay,0.816,0,2026-09-08 13:56:27
10563,731,"Double charged on my credit card, fix this immediately!",Call Center Note,Product Quality,0.6666,0,2026-09-01 18:45:27
10564,703,"Major outage across the platform, unable to log in.",Mobile App,Product Quality,0.7887,0,2026-08-26 10:52:27
10565,221,App keeps crashing during checkout payment step!,Twitter,Product Quality,0.7583,0,2026-08-18 14:39:27
10566,541,Fast shipping and nice packaging.,Mobile App,UI Ergonomics,0.1127,1,2026-09-09 16:06:27
10567,218,App keeps crashing during checkout payment step!,Call Center Note,App Crash,0.9821,0,2026-08-20 05:05:27
10568,712,Fast shipping and nice packaging.,Web Review,Billing Defect,0.0198,1,2026-09-05 15:06:27
10569,570,System latency is terrible after the latest update.,Web Review,Product Quality,0.8726,0,2026-08-26 11:24:27
10570,619,Package arrived damaged and customer support is ignoring my emails.,Call Center Note,Billing Defect,0.8629,0,2026-09-09 06:05:27
10571,654,"Great quality product, highly recommended!",Mobile App,Shipping Delay,0.1838,1,2026-08-19 22:20:27
10572,462,"Double charged on my credit card, fix this immediately!",Web Review,Billing Defect,0.6384,0,2026-09-13 08:48:27
10573,244,Fast shipping and nice packaging.,Twitter,Shipping Delay,0.3526,1,2026-08-26 23:53:27
10574,107,Customer support resolved my billing issue in 5 minutes.,Twitter,Product Quality,0.1235,1,2026-08-19 10:43:27
10575,610,Love the new design update! Very smooth.,Call Center Note,Shipping Delay,0.2741,1,2026-08-21 19:54:27
10576,513,App keeps crashing during checkout payment step!,Email Support,Billing Defect,0.8324,0,2026-08-27 03:38:27
10577,465,System latency is terrible after the latest update.,Call Center Note,UI Ergonomics,0.9064,0,2026-09-13 08:50:27
10578,308,Customer support resolved my billing issue in 5 minutes.,Call Center Note,UI Ergonomics,0.0039,1,2026-08-22 09:31:27
10579,376,"Great quality product, highly recommended!",Email Support,Billing Defect,0.294,1,2026-09-08 05:08:27
10580,170,App keeps crashing during checkout payment step!,Mobile App,UI Ergonomics,0.9591,0,2026-08-21 23:23:27
10581,299,Fast shipping and nice packaging.,Email Support,General Praise,0.3401,1,2026-09-17 09:00:27
10582,478,Package arrived damaged and customer support is ignoring my emails.,Email Support,Product Quality,0.7881,0,2026-09-15 10:00:27
10583,524,Love the new design update! Very smooth.,Twitter,Shipping Delay,0.1178,1,2026-08-20 05:43:27
10584,966,Fast shipping and nice packaging.,Web Review,Product Quality,0.3394,1,2026-08-31 10:13:27
10585,371,Package arrived damaged and customer support is ignoring my emails.,Call Center Note,App Crash,0.9108,0,2026-08-25 23:30:27
10586,950,Customer support resolved my billing issue in 5 minutes.,Call Center Note,App Crash,0.3276,1,2026-09-16 14:16:27
10587,798,"Great quality product, highly recommended!",Call Center Note,UI Ergonomics,0.0798,1,2026-09-10 00:16:27
10588,556,Package arrived damaged and customer support is ignoring my emails.,Mobile App,Billing Defect,0.7047,0,2026-09-16 14:19:27
10589,828,System latency is terrible after the latest update.,Web Review,App Crash,0.6685,0,2026-08-27 12:57:27
10590,517,Love the new design update! Very smooth.,Mobile App,Billing Defect,0.3002,1,2026-09-05 22:33:27
10591,628,"Great quality product, highly recommended!",Twitter,Shipping Delay,0.3229,1,2026-08-23 22:39:27
10592,838,App keeps crashing during checkout payment step!,Call Center Note,Shipping Delay,0.8141,0,2026-08-30 03:28:27
10593,728,"Major outage across the platform, unable to log in.",Web Review,App Crash,0.7279,0,2026-09-08 21:31:27
10594,286,Customer support resolved my billing issue in 5 minutes.,Email Support,Product Quality,0.1988,1,2026-08-28 19:11:27
10595,114,Customer support resolved my billing issue in 5 minutes.,Email Support,Billing Defect,0.011,1,2026-09-15 17:39:27
10596,588,"Major outage across the platform, unable to log in.",Web Review,Shipping Delay,0.9713,0,2026-09-16 23:32:27
10597,295,App keeps crashing during checkout payment step!,Web Review,App Crash,0.9001,0,2026-08-24 11:11:27
10598,945,Fast shipping and nice packaging.,Mobile App,UI Ergonomics,0.3884,1,2026-09-10 22:58:27
10599,500,Package arrived damaged and customer support is ignoring my emails.,Twitter,App Crash,0.8034,0,2026-09-09 00:13:27
10600,497,System latency is terrible after the latest update.,Call Center Note,UI Ergonomics,0.7506,0,2026-08-26 12:50:27
10601,192,Package arrived damaged and customer support is ignoring my emails.,Call Center Note,Product Quality,0.8638,0,2026-09-03 04:03:27
10602,882,Love the new design update! Very smooth.,Email Support,App Crash,0.1223,1,2026-09-11 10:26:27
10603,645,Fast shipping and nice packaging.,Twitter,UI Ergonomics,0.0346,1,2026-09-07 05:43:27
10604,714,Love the new design update! Very smooth.,Twitter,Billing Defect,0.0348,1,2026-09-02 20:58:27
10605,707,Love the new design update! Very smooth.,Call Center Note,General Praise,0.3807,1,2026-09-08 06:36:27
10606,428,Fast shipping and nice packaging.,Email Support,General Praise,0.0963,1,2026-09-02 04:56:27
10607,242,"Great quality product, highly recommended!",Twitter,Shipping Delay,0.3101,1,2026-09-15 13:43:27
10608,815,Customer support resolved my billing issue in 5 minutes.,Call Center Note,Product Quality,0.1093,1,2026-09-02 22:21:27
10609,573,Customer support resolved my billing issue in 5 minutes.,Web Review,Shipping Delay,0.3326,1,2026-08-28 01:57:27
10610,847,App keeps crashing during checkout payment step!,Call Center Note,General Praise,0.6953,0,2026-08-22 06:09:27
10611,176,Love the new design update! Very smooth.,Mobile App,Billing Defect,0.3193,1,2026-09-05 00:39:27
10612,822,Package arrived damaged and customer support is ignoring my emails.,Web Review,Billing Defect,0.8142,0,2026-09-06 18:32:27
10613,756,Love the new design update! Very smooth.,Call Center Note,General Praise,0.1653,1,2026-09-13 12:50:27
10614,183,App keeps crashing during checkout payment step!,Web Review,Product Quality,0.7247,0,2026-08-28 09:20:27
10615,902,"Major outage across the platform, unable to log in.",Call Center Note,UI Ergonomics,0.9472,0,2026-09-12 15:03:27
10616,592,System latency is terrible after the latest update.,Twitter,App Crash,0.8341,0,2026-09-14 15:06:27
10617,645,Customer support resolved my billing issue in 5 minutes.,Mobile App,UI Ergonomics,0.0421,1,2026-08-30 14:52:27
10618,114,Customer support resolved my billing issue in 5 minutes.,Twitter,App Crash,0.0817,1,2026-09-13 01:28:27
10619,755,Customer support resolved my billing issue in 5 minutes.,Call Center Note,Product Quality,0.3796,1,2026-08-31 00:52:27
10620,364,Love the new design update! Very smooth.,Call Center Note,Shipping Delay,0.2812,1,2026-09-01 23:06:27
10621,147,"Great quality product, highly recommended!",Twitter,Product Quality,0.3696,1,2026-08-20 22:12:27
10622,998,"Major outage across the platform, unable to log in.",Call Center Note,Billing Defect,0.78,0,2026-08-27 09:08:27
10623,641,Love the new design update! Very smooth.,Twitter,Billing Defect,0.2298,1,2026-09-09 07:21:27
10624,307,Fast shipping and nice packaging.,Email Support,App Crash,0.0876,1,2026-09-02 16:18:27
10625,927,Customer support resolved my billing issue in 5 minutes.,Email Support,General Praise,0.2809,1,2026-09-05 17:10:27
10626,922,"Major outage across the platform, unable to log in.",Email Support,General Praise,0.7883,0,2026-08-24 13:50:27
10627,882,App keeps crashing during checkout payment step!,Twitter,Shipping Delay,0.6854,0,2026-09-04 01:39:27
10628,963,"Major outage across the platform, unable to log in.",Email Support,Product Quality,0.9086,0,2026-08-23 13:20:27
10629,192,System latency is terrible after the latest update.,Web Review,General Praise,0.9762,0,2026-09-01 09:21:27
10630,748,Package arrived damaged and customer support is ignoring my emails.,Call Center Note,Product Quality,0.9371,0,2026-09-14 16:22:27
10631,742,Fast shipping and nice packaging.,Web Review,UI Ergonomics,0.2289,1,2026-09-13 22:58:27
10632,643,Fast shipping and nice packaging.,Mobile App,App Crash,0.313,1,2026-09-02 15:46:27
10633,411,Fast shipping and nice packaging.,Call Center Note,Billing Defect,0.1736,1,2026-09-15 03:11:27
10634,332,Love the new design update! Very smooth.,Web Review,Billing Defect,0.3964,1,2026-09-11 16:53:27
10635,168,Fast shipping and nice packaging.,Call Center Note,App Crash,0.119,1,2026-08-22 11:35:27
10636,343,Love the new design update! Very smooth.,Call Center Note,Product Quality,0.173,1,2026-09-15 05:04:27
10637,552,"Great quality product, highly recommended!",Twitter,App Crash,0.3118,1,2026-08-31 16:01:27
10638,625,"Great quality product, highly recommended!",Mobile App,Product Quality,0.1218,1,2026-08-20 07:49:27
10639,102,System latency is terrible after the latest update.,Twitter,Billing Defect,0.6908,0,2026-08-20 02:56:27
10640,335,"Great quality product, highly recommended!",Twitter,Product Quality,0.3766,1,2026-08-23 22:41:27
10641,181,Customer support resolved my billing issue in 5 minutes.,Twitter,Product Quality,0.3635,1,2026-08-19 02:20:27
10642,844,"Major outage across the platform, unable to log in.",Call Center Note,App Crash,0.8094,0,2026-08-20 17:20:27
10643,326,Love the new design update! Very smooth.,Mobile App,UI Ergonomics,0.0261,1,2026-09-01 14:43:27
10644,856,Love the new design update! Very smooth.,Twitter,General Praise,0.1781,1,2026-09-01 19:29:27
10645,668,"Major outage across the platform, unable to log in.",Mobile App,Billing Defect,0.7055,0,2026-09-12 08:03:27
10646,261,"Great quality product, highly recommended!",Email Support,Shipping Delay,0.1005,1,2026-09-01 11:39:27
10647,201,"Double charged on my credit card, fix this immediately!",Email Support,General Praise,0.739,0,2026-09-15 18:39:27
10648,901,Fast shipping and nice packaging.,Mobile App,Shipping Delay,0.317,1,2026-09-15 09:04:27
10649,280,Package arrived damaged and customer support is ignoring my emails.,Mobile App,Product Quality,0.9189,0,2026-08-30 06:04:27
10650,948,Package arrived damaged and customer support is ignoring my emails.,Mobile App,Product Quality,0.8103,0,2026-09-13 13:16:27
10651,455,"Major outage across the platform, unable to log in.",Twitter,Billing Defect,0.8847,0,2026-08-20 17:54:27
10652,410,"Great quality product, highly recommended!",Mobile App,UI Ergonomics,0.3512,1,2026-09-05 05:32:27
10653,860,Customer support resolved my billing issue in 5 minutes.,Call Center Note,App Crash,0.322,1,2026-08-23 20:25:27
10654,303,Love the new design update! Very smooth.,Web Review,App Crash,0.2905,1,2026-08-23 07:05:27
10655,398,"Double charged on my credit card, fix this immediately!",Web Review,Shipping Delay,0.6847,0,2026-08-30 15:45:27
10656,906,Love the new design update! Very smooth.,Twitter,General Praise,0.3536,1,2026-09-09 04:05:27
10657,203,Love the new design update! Very smooth.,Mobile App,Billing Defect,0.0679,1,2026-09-06 12:05:27
10658,907,Customer support resolved my billing issue in 5 minutes.,Call Center Note,Billing Defect,0.057,1,2026-09-01 01:19:27
10659,886,Package arrived damaged and customer support is ignoring my emails.,Call Center Note,Product Quality,0.8079,0,2026-09-04 17:38:27
10660,658,"Great quality product, highly recommended!",Email Support,Product Quality,0.1329,1,2026-08-19 06:22:27
10661,941,Customer support resolved my billing issue in 5 minutes.,Mobile App,App Crash,0.3688,1,2026-09-09 09:09:27
10662,741,"Great quality product, highly recommended!",Email Support,General Praise,0.3724,1,2026-09-10 08:22:27
10663,763,Fast shipping and nice packaging.,Email Support,Billing Defect,0.0771,1,2026-08-24 13:18:27
10664,935,Love the new design update! Very smooth.,Email Support,App Crash,0.0962,1,2026-08-23 05:41:27
10665,698,"Great quality product, highly recommended!",Mobile App,Product Quality,0.393,1,2026-08-22 20:07:27
10666,127,System latency is terrible after the latest update.,Twitter,General Praise,0.6779,0,2026-09-11 13:21:27
10667,918,"Double charged on my credit card, fix this immediately!",Web Review,Billing Defect,0.7169,0,2026-08-25 08:00:27
10668,609,"Great quality product, highly recommended!",Twitter,App Crash,0.312,1,2026-08-28 13:52:27
10669,691,App keeps crashing during checkout payment step!,Web Review,UI Ergonomics,0.9394,0,2026-09-12 17:49:27
10670,496,Customer support resolved my billing issue in 5 minutes.,Mobile App,Product Quality,0.3817,1,2026-09-01 05:13:27
10671,167,"Great quality product, highly recommended!",Twitter,General Praise,0.3492,1,2026-09-02 01:25:27
10672,931,"Great quality product, highly recommended!",Email Support,UI Ergonomics,0.142,1,2026-09-06 02:00:27
10673,307,"Great quality product, highly recommended!",Web Review,Shipping Delay,0.0889,1,2026-08-28 03:18:27
10674,417,Love the new design update! Very smooth.,Email Support,Shipping Delay,0.3332,1,2026-09-10 12:50:27
10675,325,System latency is terrible after the latest update.,Web Review,Billing Defect,0.7212,0,2026-08-19 04:15:27
10676,336,Fast shipping and nice packaging.,Web Review,UI Ergonomics,0.3812,1,2026-09-10 10:23:27
10677,113,"Double charged on my credit card, fix this immediately!",Call Center Note,General Praise,0.7941,0,2026-08-23 05:23:27
10678,431,System latency is terrible after the latest update.,Web Review,App Crash,0.9136,0,2026-09-15 03:09:27
10679,527,App keeps crashing during checkout payment step!,Web Review,Shipping Delay,0.9467,0,2026-09-11 19:42:27
10680,435,App keeps crashing during checkout payment step!,Mobile App,App Crash,0.674,0,2026-09-02 08:52:27
10681,354,Love the new design update! Very smooth.,Call Center Note,Product Quality,0.1453,1,2026-08-19 06:14:27
10682,661,Fast shipping and nice packaging.,Web Review,Shipping Delay,0.099,1,2026-08-25 20:30:27
10683,482,Customer support resolved my billing issue in 5 minutes.,Web Review,Product Quality,0.1593,1,2026-09-10 08:00:27
10684,268,"Great quality product, highly recommended!",Call Center Note,App Crash,0.0834,1,2026-08-28 00:53:27
10685,514,Fast shipping and nice packaging.,Call Center Note,General Praise,0.378,1,2026-08-23 07:31:27
10686,518,App keeps crashing during checkout payment step!,Twitter,Product Quality,0.8548,0,2026-09-08 03:12:27
10687,342,"Great quality product, highly recommended!",Email Support,UI Ergonomics,0.2388,1,2026-08-31 08:15:27
10688,878,Customer support resolved my billing issue in 5 minutes.,Mobile App,Billing Defect,0.2411,1,2026-09-02 08:49:27
10689,735,Love the new design update! Very smooth.,Web Review,Billing Defect,0.1005,1,2026-09-02 02:40:27
10690,195,Love the new design update! Very smooth.,Mobile App,App Crash,0.2308,1,2026-09-17 09:11:27
10691,915,Love the new design update! Very smooth.,Web Review,App Crash,0.3072,1,2026-08-23 05:38:27
10692,107,"Great quality product, highly recommended!",Mobile App,App Crash,0.0527,1,2026-08-31 14:15:27
10693,559,Customer support resolved my billing issue in 5 minutes.,Call Center Note,Billing Defect,0.1794,1,2026-08-19 11:35:27
10694,103,Love the new design update! Very smooth.,Mobile App,App Crash,0.0909,1,2026-08-25 07:36:27
10695,886,"Double charged on my credit card, fix this immediately!",Mobile App,App Crash,0.6237,0,2026-09-03 22:47:27
10696,612,Love the new design update! Very smooth.,Email Support,Product Quality,0.1579,1,2026-09-08 22:19:27
10697,156,Love the new design update! Very smooth.,Twitter,Shipping Delay,0.0239,1,2026-08-22 12:02:27
10698,536,Love the new design update! Very smooth.,Mobile App,UI Ergonomics,0.0012,1,2026-09-01 01:02:27
10699,313,Fast shipping and nice packaging.,Email Support,Product Quality,0.022,1,2026-09-07 13:15:27
10700,968,App keeps crashing during checkout payment step!,Call Center Note,UI Ergonomics,0.6406,0,2026-09-02 15:56:27
10701,487,Love the new design update! Very smooth.,Mobile App,Billing Defect,0.1306,1,2026-09-02 03:21:27
10702,720,System latency is terrible after the latest update.,Mobile App,App Crash,0.8527,0,2026-08-23 02:26:27
10703,769,Customer support resolved my billing issue in 5 minutes.,Twitter,Product Quality,0.3128,1,2026-08-20 15:31:27
10704,966,"Major outage across the platform, unable to log in.",Call Center Note,Product Quality,0.7178,0,2026-09-06 01:46:27
10705,672,"Major outage across the platform, unable to log in.",Email Support,Shipping Delay,0.7608,0,2026-08-26 23:22:27
10706,158,"Double charged on my credit card, fix this immediately!",Twitter,Billing Defect,0.724,0,2026-09-10 00:17:27
10707,935,App keeps crashing during checkout payment step!,Web Review,App Crash,0.7325,0,2026-09-14 03:54:27
10708,906,"Great quality product, highly recommended!",Web Review,General Praise,0.2427,1,2026-08-18 13:45:27
10709,445,"Great quality product, highly recommended!",Mobile App,General Praise,0.3075,1,2026-09-08 00:13:27
10710,975,Love the new design update! Very smooth.,Email Support,Billing Defect,0.3805,1,2026-08-19 18:47:27
10711,106,Customer support resolved my billing issue in 5 minutes.,Twitter,General Praise,0.012,1,2026-09-08 16:03:27
10712,504,Love the new design update! Very smooth.,Web Review,General Praise,0.3424,1,2026-09-05 02:16:27
10713,815,Fast shipping and nice packaging.,Web Review,UI Ergonomics,0.351,1,2026-09-12 12:59:27
10714,500,Love the new design update! Very smooth.,Twitter,General Praise,0.2138,1,2026-09-08 14:42:27
10715,181,Customer support resolved my billing issue in 5 minutes.,Twitter,Billing Defect,0.0128,1,2026-09-07 03:12:27
10716,558,"Great quality product, highly recommended!",Mobile App,Product Quality,0.1177,1,2026-08-31 18:19:27
10717,537,Fast shipping and nice packaging.,Twitter,Billing Defect,0.377,1,2026-08-26 00:52:27
10718,864,Customer support resolved my billing issue in 5 minutes.,Mobile App,Product Quality,0.175,1,2026-09-02 07:59:27
10719,554,Love the new design update! Very smooth.,Web Review,UI Ergonomics,0.1545,1,2026-09-15 13:51:27
10720,400,Package arrived damaged and customer support is ignoring my emails.,Web Review,UI Ergonomics,0.9583,0,2026-08-24 21:35:27
10721,743,Love the new design update! Very smooth.,Twitter,App Crash,0.3592,1,2026-08-26 12:44:27
10722,211,"Major outage across the platform, unable to log in.",Web Review,App Crash,0.7957,0,2026-09-09 23:25:27
10723,388,Fast shipping and nice packaging.,Call Center Note,UI Ergonomics,0.2749,1,2026-09-05 18:43:27
10724,417,Customer support resolved my billing issue in 5 minutes.,Call Center Note,UI Ergonomics,0.0964,1,2026-09-04 13:29:27
10725,257,Package arrived damaged and customer support is ignoring my emails.,Call Center Note,Shipping Delay,0.6585,0,2026-09-15 23:22:27
10726,241,"Double charged on my credit card, fix this immediately!",Call Center Note,Billing Defect,0.7979,0,2026-09-13 11:28:27
10727,537,Customer support resolved my billing issue in 5 minutes.,Email Support,General Praise,0.1623,1,2026-08-27 02:58:27
10728,446,Customer support resolved my billing issue in 5 minutes.,Email Support,UI Ergonomics,0.3285,1,2026-08-31 11:32:27
10729,958,Love the new design update! Very smooth.,Mobile App,App Crash,0.0917,1,2026-09-03 12:58:27
10730,362,Love the new design update! Very smooth.,Email Support,UI Ergonomics,0.0071,1,2026-09-11 04:23:27
10731,211,"Double charged on my credit card, fix this immediately!",Twitter,App Crash,0.8109,0,2026-08-22 01:55:27
10732,877,"Double charged on my credit card, fix this immediately!",Web Review,App Crash,0.6592,0,2026-09-17 02:56:27
10733,102,Fast shipping and nice packaging.,Twitter,Shipping Delay,0.3732,1,2026-08-19 12:22:27
10734,604,"Double charged on my credit card, fix this immediately!",Twitter,General Praise,0.6701,0,2026-09-07 17:51:27
10735,518,Love the new design update! Very smooth.,Twitter,General Praise,0.0386,1,2026-09-09 00:26:27
10736,337,Love the new design update! Very smooth.,Twitter,App Crash,0.1872,1,2026-09-12 10:11:27
10737,451,System latency is terrible after the latest update.,Email Support,General Praise,0.6894,0,2026-09-12 08:48:27
10738,618,System latency is terrible after the latest update.,Call Center Note,App Crash,0.8805,0,2026-08-22 17:13:27
10739,745,Fast shipping and nice packaging.,Email Support,UI Ergonomics,0.0433,1,2026-09-07 18:56:27
10740,106,System latency is terrible after the latest update.,Call Center Note,App Crash,0.6253,0,2026-09-03 17:54:27
10741,832,"Great quality product, highly recommended!",Call Center Note,UI Ergonomics,0.23,1,2026-09-10 16:01:27
10742,147,"Major outage across the platform, unable to log in.",Mobile App,Product Quality,0.9608,0,2026-08-18 10:33:27
10743,728,Package arrived damaged and customer support is ignoring my emails.,Call Center Note,UI Ergonomics,0.9571,0,2026-09-01 05:57:27
10744,143,Love the new design update! Very smooth.,Email Support,Billing Defect,0.1345,1,2026-09-12 21:15:27
10745,589,"Major outage across the platform, unable to log in.",Twitter,General Praise,0.9989,0,2026-09-03 16:51:27
10746,987,"Great quality product, highly recommended!",Twitter,Billing Defect,0.0775,1,2026-08-26 09:47:27
10747,202,Love the new design update! Very smooth.,Mobile App,Shipping Delay,0.1573,1,2026-08-28 01:18:27
10748,362,Customer support resolved my billing issue in 5 minutes.,Web Review,UI Ergonomics,0.1787,1,2026-08-25 03:23:27
10749,458,Customer support resolved my billing issue in 5 minutes.,Email Support,General Praise,0.358,1,2026-08-31 03:58:27
10750,858,Love the new design update! Very smooth.,Mobile App,UI Ergonomics,0.3902,1,2026-09-08 18:18:27
10751,567,App keeps crashing during checkout payment step!,Mobile App,Billing Defect,0.7062,0,2026-08-28 01:51:27
10752,101,"Great quality product, highly recommended!",Call Center Note,UI Ergonomics,0.086,1,2026-08-23 07:51:27
10753,246,Package arrived damaged and customer support is ignoring my emails.,Email Support,Billing Defect,0.7585,0,2026-09-17 08:54:27
10754,276,Fast shipping and nice packaging.,Mobile App,Billing Defect,0.2265,1,2026-09-01 08:17:27
10755,742,"Major outage across the platform, unable to log in.",Mobile App,Shipping Delay,0.8836,0,2026-09-15 06:04:27
10756,350,Fast shipping and nice packaging.,Mobile App,Shipping Delay,0.1713,1,2026-08-21 06:11:27
10757,976,"Great quality product, highly recommended!",Call Center Note,Shipping Delay,0.156,1,2026-08-23 04:19:27
10758,762,"Double charged on my credit card, fix this immediately!",Mobile App,Product Quality,0.6817,0,2026-08-20 18:33:27
10759,612,Customer support resolved my billing issue in 5 minutes.,Web Review,Shipping Delay,0.2958,1,2026-09-04 12:09:27
10760,734,Love the new design update! Very smooth.,Mobile App,Product Quality,0.2184,1,2026-08-28 15:59:27
10761,519,Package arrived damaged and customer support is ignoring my emails.,Twitter,General Praise,0.8887,0,2026-08-26 13:58:27
10762,588,Fast shipping and nice packaging.,Mobile App,Billing Defect,0.3471,1,2026-09-15 14:05:27
10763,742,System latency is terrible after the latest update.,Twitter,Billing Defect,0.7548,0,2026-08-29 06:05:27
10764,972,Fast shipping and nice packaging.,Call Center Note,App Crash,0.2729,1,2026-08-30 06:24:27
10765,926,App keeps crashing during checkout payment step!,Mobile App,General Praise,0.798,0,2026-09-10 06:04:27
10766,452,"Major outage across the platform, unable to log in.",Email Support,Product Quality,0.8429,0,2026-08-28 11:23:27
10767,677,Package arrived damaged and customer support is ignoring my emails.,Twitter,Product Quality,0.6809,0,2026-09-04 21:22:27
10768,738,Customer support resolved my billing issue in 5 minutes.,Web Review,UI Ergonomics,0.0538,1,2026-08-19 15:54:27
10769,187,Package arrived damaged and customer support is ignoring my emails.,Twitter,Product Quality,0.7963,0,2026-08-29 17:30:27
10770,505,Fast shipping and nice packaging.,Call Center Note,Billing Defect,0.1469,1,2026-08-29 10:41:27
10771,105,Love the new design update! Very smooth.,Web Review,Billing Defect,0.1286,1,2026-09-05 13:58:27
10772,609,Customer support resolved my billing issue in 5 minutes.,Mobile App,General Praise,0.196,1,2026-09-12 03:59:27
10773,996,App keeps crashing during checkout payment step!,Email Support,Billing Defect,0.7708,0,2026-09-15 08:19:27
10774,984,Customer support resolved my billing issue in 5 minutes.,Web Review,General Praise,0.0231,1,2026-09-15 17:45:27
10775,716,Package arrived damaged and customer support is ignoring my emails.,Call Center Note,Billing Defect,0.6891,0,2026-08-19 17:14:27
10776,930,Package arrived damaged and customer support is ignoring my emails.,Call Center Note,Billing Defect,0.9841,0,2026-09-14 06:45:27
10777,718,Customer support resolved my billing issue in 5 minutes.,Mobile App,Product Quality,0.0758,1,2026-08-30 12:08:27
10778,719,System latency is terrible after the latest update.,Email Support,Billing Defect,0.6763,0,2026-08-29 14:46:27
10779,638,Love the new design update! Very smooth.,Call Center Note,Billing Defect,0.0777,1,2026-09-14 20:44:27
10780,942,App keeps crashing during checkout payment step!,Web Review,Shipping Delay,0.6513,0,2026-08-19 20:42:27
10781,150,App keeps crashing during checkout payment step!,Mobile App,App Crash,0.7435,0,2026-09-03 18:19:27
10782,762,Customer support resolved my billing issue in 5 minutes.,Mobile App,UI Ergonomics,0.0103,1,2026-09-12 16:16:27
10783,443,Package arrived damaged and customer support is ignoring my emails.,Twitter,General Praise,0.8982,0,2026-08-18 15:56:27
10784,294,Love the new design update! Very smooth.,Email Support,Product Quality,0.1543,1,2026-08-24 09:55:27
10785,953,Customer support resolved my billing issue in 5 minutes.,Call Center Note,Billing Defect,0.1601,1,2026-08-31 00:06:27
10786,115,App keeps crashing during checkout payment step!,Web Review,Product Quality,0.7482,0,2026-09-02 12:53:27
10787,657,"Great quality product, highly recommended!",Mobile App,UI Ergonomics,0.1704,1,2026-09-08 22:42:27
10788,820,"Double charged on my credit card, fix this immediately!",Twitter,Billing Defect,0.8335,0,2026-09-16 10:12:27
10789,996,"Major outage across the platform, unable to log in.",Web Review,App Crash,0.8146,0,2026-09-16 14:12:27
10790,375,App keeps crashing during checkout payment step!,Email Support,General Praise,0.8203,0,2026-09-13 23:16:27
10791,732,Fast shipping and nice packaging.,Email Support,App Crash,0.3371,1,2026-09-07 14:39:27
10792,405,Fast shipping and nice packaging.,Email Support,General Praise,0.3102,1,2026-09-17 08:17:27
10793,948,Fast shipping and nice packaging.,Web Review,General Praise,0.2632,1,2026-09-02 14:26:27
10794,655,"Great quality product, highly recommended!",Call Center Note,General Praise,0.3265,1,2026-09-16 20:54:27
10795,224,"Great quality product, highly recommended!",Web Review,General Praise,0.3669,1,2026-08-22 17:02:27
10796,712,Love the new design update! Very smooth.,Twitter,Shipping Delay,0.0376,1,2026-09-15 08:37:27
10797,951,"Double charged on my credit card, fix this immediately!",Email Support,Product Quality,0.7684,0,2026-09-01 18:02:27
10798,999,Fast shipping and nice packaging.,Twitter,App Crash,0.3594,1,2026-08-28 03:51:27
10799,829,"Double charged on my credit card, fix this immediately!",Twitter,General Praise,0.7348,0,2026-08-20 22:41:27
10800,877,"Great quality product, highly recommended!",Twitter,App Crash,0.3185,1,2026-09-15 04:03:27
10801,260,Customer support resolved my billing issue in 5 minutes.,Call Center Note,Shipping Delay,0.2819,1,2026-09-12 00:58:27
10802,903,Fast shipping and nice packaging.,Web Review,Shipping Delay,0.1381,1,2026-09-02 18:12:27
10803,681,Love the new design update! Very smooth.,Mobile App,UI Ergonomics,0.0637,1,2026-09-10 11:22:27
10804,532,"Major outage across the platform, unable to log in.",Call Center Note,Product Quality,0.7377,0,2026-09-11 16:17:27
10805,755,App keeps crashing during checkout payment step!,Mobile App,General Praise,0.8606,0,2026-09-02 22:02:27
10806,586,System latency is terrible after the latest update.,Mobile App,App Crash,0.7055,0,2026-08-30 01:45:27
10807,695,Fast shipping and nice packaging.,Web Review,Shipping Delay,0.1577,1,2026-09-17 00:08:27
10808,740,App keeps crashing during checkout payment step!,Web Review,App Crash,0.7815,0,2026-08-26 13:54:27
10809,897,Fast shipping and nice packaging.,Web Review,UI Ergonomics,0.3326,1,2026-09-08 02:31:27
10810,437,Love the new design update! Very smooth.,Mobile App,Shipping Delay,0.2321,1,2026-09-15 11:44:27
10811,538,Love the new design update! Very smooth.,Call Center Note,App Crash,0.0957,1,2026-09-09 11:32:27
10812,334,"Double charged on my credit card, fix this immediately!",Call Center Note,Product Quality,0.9125,0,2026-09-05 06:58:27
10813,658,Fast shipping and nice packaging.,Web Review,Product Quality,0.3305,1,2026-09-17 09:54:27
10814,459,Customer support resolved my billing issue in 5 minutes.,Twitter,Product Quality,0.2963,1,2026-09-16 19:55:27
10815,277,System latency is terrible after the latest update.,Mobile App,UI Ergonomics,0.8389,0,2026-09-02 23:29:27
10816,100,Love the new design update! Very smooth.,Email Support,Billing Defect,0.1287,1,2026-09-03 07:44:27
10817,472,Customer support resolved my billing issue in 5 minutes.,Email Support,Shipping Delay,0.0858,1,2026-08-25 06:13:27
10818,123,System latency is terrible after the latest update.,Mobile App,UI Ergonomics,0.9657,0,2026-08-29 23:24:27
10819,127,Fast shipping and nice packaging.,Mobile App,Shipping Delay,0.3324,1,2026-09-01 20:31:27
10820,211,Love the new design update! Very smooth.,Mobile App,General Praise,0.1321,1,2026-09-11 18:42:27
10821,437,System latency is terrible after the latest update.,Twitter,Billing Defect,0.9734,0,2026-09-02 13:48:27
10822,985,"Great quality product, highly recommended!",Web Review,App Crash,0.0948,1,2026-09-05 19:10:27
10823,805,Fast shipping and nice packaging.,Email Support,App Crash,0.1662,1,2026-08-24 19:05:27
10824,176,System latency is terrible after the latest update.,Twitter,App Crash,0.6903,0,2026-09-17 05:41:27
10825,948,Customer support resolved my billing issue in 5 minutes.,Web Review,App Crash,0.3901,1,2026-09-10 02:03:27
10826,308,App keeps crashing during checkout payment step!,Web Review,Product Quality,0.8002,0,2026-09-16 04:49:27
10827,896,Fast shipping and nice packaging.,Call Center Note,App Crash,0.1077,1,2026-09-17 09:31:27
10828,220,Fast shipping and nice packaging.,Mobile App,Billing Defect,0.0743,1,2026-09-01 14:56:27
10829,483,Customer support resolved my billing issue in 5 minutes.,Twitter,App Crash,0.1486,1,2026-09-16 01:20:27
10830,310,Customer support resolved my billing issue in 5 minutes.,Email Support,Billing Defect,0.1262,1,2026-09-04 00:54:27
10831,905,Package arrived damaged and customer support is ignoring my emails.,Email Support,Product Quality,0.8459,0,2026-09-15 23:40:27
10832,586,"Double charged on my credit card, fix this immediately!",Web Review,Product Quality,0.6325,0,2026-09-14 18:41:27
10833,690,System latency is terrible after the latest update.,Twitter,Shipping Delay,0.6017,0,2026-08-22 14:40:27
10834,766,"Great quality product, highly recommended!",Call Center Note,Shipping Delay,0.3307,1,2026-08-31 15:35:27
10835,236,Love the new design update! Very smooth.,Email Support,General Praise,0.034,1,2026-08-25 10:21:27
10836,353,"Major outage across the platform, unable to log in.",Call Center Note,Shipping Delay,0.9129,0,2026-08-19 06:45:27
10837,298,Fast shipping and nice packaging.,Twitter,App Crash,0.2853,1,2026-08-30 16:15:27
10838,852,"Great quality product, highly recommended!",Twitter,Billing Defect,0.3399,1,2026-08-22 07:43:27
10839,250,"Major outage across the platform, unable to log in.",Mobile App,Billing Defect,0.7589,0,2026-09-03 21:04:27
10840,854,Fast shipping and nice packaging.,Email Support,Product Quality,0.2618,1,2026-08-29 00:14:27
10841,776,Package arrived damaged and customer support is ignoring my emails.,Email Support,Billing Defect,0.7892,0,2026-09-02 00:49:27
10842,634,Love the new design update! Very smooth.,Call Center Note,General Praise,0.241,1,2026-09-14 16:44:27
10843,451,Customer support resolved my billing issue in 5 minutes.,Mobile App,Product Quality,0.1348,1,2026-09-07 04:31:27
10844,977,Package arrived damaged and customer support is ignoring my emails.,Email Support,App Crash,0.8274,0,2026-09-15 05:33:27
10845,709,"Major outage across the platform, unable to log in.",Web Review,Product Quality,0.784,0,2026-08-19 05:42:27
10846,310,"Great quality product, highly recommended!",Web Review,UI Ergonomics,0.1572,1,2026-09-14 03:03:27
10847,216,Fast shipping and nice packaging.,Email Support,General Praise,0.1557,1,2026-09-02 20:58:27
10848,731,System latency is terrible after the latest update.,Twitter,UI Ergonomics,0.7109,0,2026-09-06 02:29:27
10849,811,Love the new design update! Very smooth.,Call Center Note,Product Quality,0.1033,1,2026-08-23 13:07:27
10850,525,Love the new design update! Very smooth.,Web Review,UI Ergonomics,0.1083,1,2026-09-11 10:57:27
10851,138,"Great quality product, highly recommended!",Call Center Note,App Crash,0.3722,1,2026-08-19 21:34:27
10852,745,"Great quality product, highly recommended!",Mobile App,Product Quality,0.2961,1,2026-08-21 13:51:27
10853,162,"Great quality product, highly recommended!",Twitter,General Praise,0.034,1,2026-09-05 03:16:27
10854,616,Customer support resolved my billing issue in 5 minutes.,Web Review,General Praise,0.0136,1,2026-08-25 07:44:27
10855,942,App keeps crashing during checkout payment step!,Web Review,Billing Defect,0.8598,0,2026-08-31 02:21:27
10856,953,Package arrived damaged and customer support is ignoring my emails.,Email Support,App Crash,0.9608,0,2026-09-03 06:12:27
10857,560,"Great quality product, highly recommended!",Twitter,UI Ergonomics,0.0435,1,2026-09-07 19:38:27
10858,930,Customer support resolved my billing issue in 5 minutes.,Twitter,Billing Defect,0.3469,1,2026-09-10 17:37:27
10859,371,Love the new design update! Very smooth.,Mobile App,App Crash,0.3054,1,2026-09-06 18:54:27
10860,201,Fast shipping and nice packaging.,Web Review,General Praise,0.2037,1,2026-09-07 20:15:27
10861,991,Customer support resolved my billing issue in 5 minutes.,Call Center Note,UI Ergonomics,0.3978,1,2026-08-29 20:59:27
10862,837,Love the new design update! Very smooth.,Email Support,General Praise,0.2534,1,2026-09-15 22:39:27
10863,618,App keeps crashing during checkout payment step!,Mobile App,UI Ergonomics,0.8007,0,2026-08-23 12:28:27
10864,460,Love the new design update! Very smooth.,Call Center Note,App Crash,0.1053,1,2026-09-06 07:32:27
10865,815,Love the new design update! Very smooth.,Email Support,General Praise,0.1435,1,2026-08-31 13:52:27
10866,113,"Double charged on my credit card, fix this immediately!",Email Support,Shipping Delay,0.7542,0,2026-09-02 04:53:27
10867,302,Package arrived damaged and customer support is ignoring my emails.,Call Center Note,UI Ergonomics,0.7469,0,2026-08-28 23:47:27
10868,604,Love the new design update! Very smooth.,Web Review,Billing Defect,0.1496,1,2026-08-20 05:16:27
10869,671,System latency is terrible after the latest update.,Twitter,General Praise,0.7804,0,2026-09-02 15:52:27
10870,255,"Double charged on my credit card, fix this immediately!",Web Review,Shipping Delay,0.8173,0,2026-09-16 04:21:27
10871,118,Customer support resolved my billing issue in 5 minutes.,Mobile App,App Crash,0.3438,1,2026-09-06 12:44:27
10872,718,"Major outage across the platform, unable to log in.",Web Review,App Crash,0.9862,0,2026-09-07 06:32:27
10873,229,"Major outage across the platform, unable to log in.",Twitter,General Praise,0.6031,0,2026-08-29 03:25:27
10874,170,App keeps crashing during checkout payment step!,Mobile App,UI Ergonomics,0.9788,0,2026-08-29 17:18:27
10875,420,"Double charged on my credit card, fix this immediately!",Web Review,Product Quality,0.9788,0,2026-08-22 17:15:27
10876,987,"Great quality product, highly recommended!",Call Center Note,Product Quality,0.1126,1,2026-09-12 09:01:27
10877,922,"Major outage across the platform, unable to log in.",Web Review,General Praise,0.9073,0,2026-09-17 06:17:27
10878,137,"Double charged on my credit card, fix this immediately!",Email Support,UI Ergonomics,0.9471,0,2026-08-21 09:20:27
10879,334,App keeps crashing during checkout payment step!,Email Support,App Crash,0.863,0,2026-08-30 19:19:27
10880,551,"Double charged on my credit card, fix this immediately!",Email Support,UI Ergonomics,0.7245,0,2026-08-31 00:08:27
10881,777,Love the new design update! Very smooth.,Email Support,App Crash,0.1885,1,2026-08-31 20:52:27
10882,130,Fast shipping and nice packaging.,Email Support,Billing Defect,0.3379,1,2026-08-20 16:31:27
10883,970,"Double charged on my credit card, fix this immediately!",Call Center Note,Shipping Delay,0.8035,0,2026-09-14 01:40:27
10884,535,"Great quality product, highly recommended!",Web Review,UI Ergonomics,0.3751,1,2026-08-30 03:43:27
10885,415,Customer support resolved my billing issue in 5 minutes.,Call Center Note,UI Ergonomics,0.1982,1,2026-09-01 09:08:27
10886,224,Customer support resolved my billing issue in 5 minutes.,Call Center Note,App Crash,0.1048,1,2026-09-14 06:31:27
10887,827,System latency is terrible after the latest update.,Mobile App,Product Quality,0.713,0,2026-08-27 22:57:27
10888,964,Fast shipping and nice packaging.,Mobile App,Billing Defect,0.0007,1,2026-08-29 16:54:27
10889,212,Customer support resolved my billing issue in 5 minutes.,Twitter,UI Ergonomics,0.3509,1,2026-08-29 04:34:27
10890,589,Customer support resolved my billing issue in 5 minutes.,Web Review,Billing Defect,0.0893,1,2026-08-20 21:17:27
10891,321,"Great quality product, highly recommended!",Twitter,Shipping Delay,0.3077,1,2026-08-18 15:59:27
10892,752,"Great quality product, highly recommended!",Mobile App,App Crash,0.1978,1,2026-08-23 04:38:27
10893,795,"Major outage across the platform, unable to log in.",Web Review,Billing Defect,0.6043,0,2026-09-13 20:59:27
10894,630,"Major outage across the platform, unable to log in.",Web Review,UI Ergonomics,0.7737,0,2026-08-25 04:39:27
10895,510,Fast shipping and nice packaging.,Call Center Note,General Praise,0.1164,1,2026-09-11 23:17:27
10896,865,App keeps crashing during checkout payment step!,Email Support,General Praise,0.7894,0,2026-08-25 05:43:27
10897,245,"Major outage across the platform, unable to log in.",Mobile App,App Crash,0.7717,0,2026-09-08 06:58:27
10898,276,Love the new design update! Very smooth.,Web Review,Product Quality,0.3987,1,2026-08-22 23:45:27
10899,913,Fast shipping and nice packaging.,Mobile App,General Praise,0.2046,1,2026-08-26 23:56:27
10900,116,App keeps crashing during checkout payment step!,Web Review,Billing Defect,0.7656,0,2026-08-19 21:25:27
10901,980,App keeps crashing during checkout payment step!,Web Review,General Praise,0.632,0,2026-09-05 17:57:27
10902,690,Love the new design update! Very smooth.,Call Center Note,Shipping Delay,0.2601,1,2026-09-10 13:09:27
10903,386,Package arrived damaged and customer support is ignoring my emails.,Call Center Note,General Praise,0.9687,0,2026-09-15 19:56:27
10904,209,"Major outage across the platform, unable to log in.",Mobile App,App Crash,0.926,0,2026-09-10 21:48:27
10905,870,"Great quality product, highly recommended!",Web Review,Billing Defect,0.0322,1,2026-08-21 06:07:27
10906,998,"Double charged on my credit card, fix this immediately!",Twitter,Product Quality,0.7228,0,2026-09-07 03:27:27
10907,718,System latency is terrible after the latest update.,Email Support,Product Quality,0.6329,0,2026-09-03 19:24:27
10908,490,Package arrived damaged and customer support is ignoring my emails.,Twitter,Shipping Delay,0.9248,0,2026-09-02 11:22:27
10909,228,Package arrived damaged and customer support is ignoring my emails.,Call Center Note,UI Ergonomics,0.7644,0,2026-09-07 06:32:27
10910,593,Customer support resolved my billing issue in 5 minutes.,Call Center Note,Product Quality,0.102,1,2026-09-13 21:25:27
10911,810,"Great quality product, highly recommended!",Web Review,Product Quality,0.171,1,2026-09-02 15:51:27
10912,191,Fast shipping and nice packaging.,Mobile App,Product Quality,0.3961,1,2026-09-04 19:46:27
10913,583,System latency is terrible after the latest update.,Twitter,General Praise,0.9263,0,2026-08-21 15:59:27
10914,808,System latency is terrible after the latest update.,Mobile App,Shipping Delay,0.6638,0,2026-09-04 03:34:27
10915,551,Customer support resolved my billing issue in 5 minutes.,Twitter,Shipping Delay,0.2347,1,2026-08-28 13:19:27
10916,825,Package arrived damaged and customer support is ignoring my emails.,Web Review,Product Quality,0.9225,0,2026-09-10 19:08:27
10917,528,"Great quality product, highly recommended!",Twitter,Shipping Delay,0.366,1,2026-09-12 16:27:27
10918,772,"Great quality product, highly recommended!",Twitter,General Praise,0.2066,1,2026-09-08 12:02:27
10919,860,Customer support resolved my billing issue in 5 minutes.,Call Center Note,Billing Defect,0.3326,1,2026-09-07 12:26:27
10920,549,Fast shipping and nice packaging.,Call Center Note,General Praise,0.2,1,2026-09-04 08:11:27
10921,315,"Major outage across the platform, unable to log in.",Web Review,Product Quality,0.9564,0,2026-08-25 14:25:27
10922,426,Customer support resolved my billing issue in 5 minutes.,Email Support,General Praise,0.0821,1,2026-09-11 02:11:27
10923,410,"Major outage across the platform, unable to log in.",Web Review,UI Ergonomics,0.8059,0,2026-09-16 04:15:27
10924,759,Fast shipping and nice packaging.,Email Support,Shipping Delay,0.3368,1,2026-09-09 18:13:27
10925,807,"Great quality product, highly recommended!",Email Support,App Crash,0.1175,1,2026-09-15 08:07:27
10926,305,Love the new design update! Very smooth.,Email Support,Product Quality,0.1727,1,2026-08-28 20:17:27
10927,908,"Great quality product, highly recommended!",Mobile App,Shipping Delay,0.142,1,2026-08-30 08:21:27
10928,827,Fast shipping and nice packaging.,Mobile App,Product Quality,0.3556,1,2026-09-06 06:43:27
10929,475,Love the new design update! Very smooth.,Email Support,Shipping Delay,0.3378,1,2026-09-05 07:11:27
10930,851,Love the new design update! Very smooth.,Web Review,App Crash,0.1626,1,2026-08-27 12:33:27
10931,327,"Double charged on my credit card, fix this immediately!",Web Review,Billing Defect,0.7214,0,2026-09-04 23:53:27
10932,590,Love the new design update! Very smooth.,Call Center Note,Billing Defect,0.0413,1,2026-09-05 02:55:27
10933,608,"Double charged on my credit card, fix this immediately!",Call Center Note,Product Quality,0.8313,0,2026-09-05 12:23:27
10934,271,App keeps crashing during checkout payment step!,Email Support,General Praise,0.8693,0,2026-08-26 12:53:27
10935,538,Love the new design update! Very smooth.,Call Center Note,Shipping Delay,0.2294,1,2026-09-12 18:13:27
10936,390,"Major outage across the platform, unable to log in.",Mobile App,UI Ergonomics,0.9037,0,2026-08-25 02:20:27
10937,587,Fast shipping and nice packaging.,Web Review,Shipping Delay,0.1984,1,2026-08-23 02:34:27
10938,992,Love the new design update! Very smooth.,Web Review,General Praise,0.2368,1,2026-08-28 17:03:27
10939,199,Fast shipping and nice packaging.,Twitter,Billing Defect,0.1596,1,2026-09-13 08:17:27
10940,740,Love the new design update! Very smooth.,Call Center Note,Shipping Delay,0.0466,1,2026-09-12 18:36:27
10941,436,Fast shipping and nice packaging.,Twitter,App Crash,0.1886,1,2026-08-23 02:29:27
10942,249,Package arrived damaged and customer support is ignoring my emails.,Call Center Note,Product Quality,0.8299,0,2026-08-29 18:47:27
10943,103,Fast shipping and nice packaging.,Call Center Note,Billing Defect,0.0627,1,2026-09-14 11:13:27
10944,712,Package arrived damaged and customer support is ignoring my emails.,Email Support,UI Ergonomics,0.8663,0,2026-09-15 03:11:27
10945,475,Package arrived damaged and customer support is ignoring my emails.,Web Review,Product Quality,0.7492,0,2026-09-04 17:21:27
10946,573,Customer support resolved my billing issue in 5 minutes.,Mobile App,Product Quality,0.312,1,2026-09-04 14:41:27
10947,185,Love the new design update! Very smooth.,Web Review,Product Quality,0.0114,1,2026-09-16 07:52:27
10948,611,Love the new design update! Very smooth.,Call Center Note,App Crash,0.2133,1,2026-08-27 17:06:27
10949,398,Customer support resolved my billing issue in 5 minutes.,Web Review,Shipping Delay,0.1259,1,2026-09-04 22:28:27
10950,361,Fast shipping and nice packaging.,Email Support,Shipping Delay,0.0306,1,2026-09-16 21:10:27
10951,976,"Great quality product, highly recommended!",Web Review,General Praise,0.1942,1,2026-08-31 05:50:27
10952,358,Package arrived damaged and customer support is ignoring my emails.,Email Support,App Crash,0.6896,0,2026-09-15 03:53:27
10953,769,Love the new design update! Very smooth.,Call Center Note,General Praise,0.1315,1,2026-09-16 23:56:27
10954,729,System latency is terrible after the latest update.,Email Support,Product Quality,0.8978,0,2026-09-04 08:10:27
10955,872,Fast shipping and nice packaging.,Mobile App,General Praise,0.3571,1,2026-09-15 10:50:27
10956,969,"Great quality product, highly recommended!",Email Support,Billing Defect,0.3423,1,2026-09-06 09:12:27
10957,692,"Great quality product, highly recommended!",Web Review,General Praise,0.1659,1,2026-09-02 07:43:27
10958,383,Fast shipping and nice packaging.,Email Support,UI Ergonomics,0.0448,1,2026-08-25 19:41:27
10959,254,"Double charged on my credit card, fix this immediately!",Email Support,Product Quality,0.8871,0,2026-09-11 17:22:27
10960,422,Fast shipping and nice packaging.,Web Review,General Praise,0.1054,1,2026-09-14 08:55:27
10961,557,App keeps crashing during checkout payment step!,Mobile App,Billing Defect,0.9199,0,2026-08-31 10:47:27
10962,494,"Great quality product, highly recommended!",Email Support,General Praise,0.0736,1,2026-08-30 10:42:27
10963,774,"Major outage across the platform, unable to log in.",Twitter,UI Ergonomics,0.8716,0,2026-09-08 16:48:27
10964,402,App keeps crashing during checkout payment step!,Email Support,UI Ergonomics,0.7697,0,2026-08-24 04:08:27
10965,169,"Double charged on my credit card, fix this immediately!",Call Center Note,App Crash,0.6648,0,2026-09-14 03:29:27
10966,569,System latency is terrible after the latest update.,Web Review,Billing Defect,0.9949,0,2026-09-03 01:56:27
10967,105,"Great quality product, highly recommended!",Email Support,Shipping Delay,0.1296,1,2026-09-02 18:51:27
10968,270,Love the new design update! Very smooth.,Twitter,Product Quality,0.0913,1,2026-09-16 16:02:27
10969,407,"Great quality product, highly recommended!",Mobile App,App Crash,0.1078,1,2026-09-04 03:48:27
10970,277,"Double charged on my credit card, fix this immediately!",Twitter,Product Quality,0.7963,0,2026-08-21 05:19:27
10971,290,Fast shipping and nice packaging.,Email Support,Billing Defect,0.163,1,2026-08-23 02:08:27
10972,908,Package arrived damaged and customer support is ignoring my emails.,Call Center Note,UI Ergonomics,0.8855,0,2026-09-07 13:22:27
10973,989,"Great quality product, highly recommended!",Call Center Note,UI Ergonomics,0.1119,1,2026-08-21 05:07:27
10974,710,Customer support resolved my billing issue in 5 minutes.,Web Review,Shipping Delay,0.3059,1,2026-08-23 22:30:27
10975,462,Fast shipping and nice packaging.,Web Review,Shipping Delay,0.256,1,2026-09-16 01:48:27
10976,439,Customer support resolved my billing issue in 5 minutes.,Call Center Note,General Praise,0.3967,1,2026-08-19 07:27:27
10977,887,Love the new design update! Very smooth.,Mobile App,UI Ergonomics,0.1511,1,2026-09-04 17:30:27
10978,976,App keeps crashing during checkout payment step!,Twitter,Product Quality,0.9836,0,2026-09-14 11:03:27
10979,464,Customer support resolved my billing issue in 5 minutes.,Call Center Note,Billing Defect,0.2409,1,2026-09-05 13:15:27
10980,714,App keeps crashing during checkout payment step!,Twitter,Product Quality,0.9639,0,2026-09-13 00:57:27
10981,379,System latency is terrible after the latest update.,Web Review,Shipping Delay,0.9611,0,2026-09-08 08:40:27
10982,245,"Great quality product, highly recommended!",Web Review,Shipping Delay,0.0252,1,2026-09-07 17:29:27
10983,587,Package arrived damaged and customer support is ignoring my emails.,Twitter,General Praise,0.9361,0,2026-09-10 15:40:27
10984,712,Package arrived damaged and customer support is ignoring my emails.,Email Support,UI Ergonomics,0.9106,0,2026-09-14 08:42:27
10985,703,"Great quality product, highly recommended!",Twitter,App Crash,0.1106,1,2026-09-08 04:29:27
10986,782,Love the new design update! Very smooth.,Mobile App,Product Quality,0.3489,1,2026-08-26 04:23:27
10987,764,Customer support resolved my billing issue in 5 minutes.,Web Review,General Praise,0.1097,1,2026-09-03 20:21:27
10988,415,App keeps crashing during checkout payment step!,Twitter,General Praise,0.6728,0,2026-08-20 09:15:27
10989,727,System latency is terrible after the latest update.,Web Review,Billing Defect,0.9081,0,2026-09-14 18:26:27
10990,250,Fast shipping and nice packaging.,Mobile App,Shipping Delay,0.3777,1,2026-08-20 04:12:27
10991,151,App keeps crashing during checkout payment step!,Twitter,UI Ergonomics,0.6172,0,2026-08-19 09:53:27
10992,513,System latency is terrible after the latest update.,Mobile App,Shipping Delay,0.9466,0,2026-08-22 22:42:27
10993,225,App keeps crashing during checkout payment step!,Call Center Note,Billing Defect,0.7911,0,2026-08-27 18:56:27
10994,630,"Great quality product, highly recommended!",Mobile App,UI Ergonomics,0.216,1,2026-09-16 15:56:27
10995,566,Fast shipping and nice packaging.,Web Review,General Praise,0.0398,1,2026-09-03 21:16:27
10996,105,Love the new design update! Very smooth.,Email Support,Product Quality,0.0191,1,2026-09-07 08:09:27
10997,482,System latency is terrible after the latest update.,Call Center Note,Shipping Delay,0.8165,0,2026-08-18 11:36:27
10998,537,"Major outage across the platform, unable to log in.",Email Support,Billing Defect,0.9765,0,2026-08-20 21:11:27
10999,825,"Great quality product, highly recommended!",Web Review,UI Ergonomics,0.2026,1,2026-08-20 16:03:27
11000,367,Love the new design update! Very smooth.,Web Review,UI Ergonomics,0.0139,1,2026-09-10 07:38:27
11001,867,Fast shipping and nice packaging.,Call Center Note,App Crash,0.0206,1,2026-09-04 16:45:27
11002,921,Customer support resolved my billing issue in 5 minutes.,Mobile App,General Praise,0.2361,1,2026-08-31 07:22:27
11003,491,Love the new design update! Very smooth.,Email Support,Billing Defect,0.2893,1,2026-09-15 10:47:27
11004,747,Customer support resolved my billing issue in 5 minutes.,Web Review,Shipping Delay,0.3891,1,2026-09-14 19:44:27
11005,763,"Double charged on my credit card, fix this immediately!",Web Review,General Praise,0.8831,0,2026-09-16 23:26:27
11006,253,System latency is terrible after the latest update.,Mobile App,UI Ergonomics,0.9122,0,2026-09-11 02:27:27
11007,146,Fast shipping and nice packaging.,Call Center Note,UI Ergonomics,0.1469,1,2026-08-18 18:47:27
11008,227,Love the new design update! Very smooth.,Twitter,UI Ergonomics,0.2346,1,2026-09-08 12:40:27
11009,680,Package arrived damaged and customer support is ignoring my emails.,Web Review,Billing Defect,0.9866,0,2026-08-28 13:16:27
11010,694,System latency is terrible after the latest update.,Email Support,General Praise,0.7575,0,2026-08-27 23:26:27
11011,896,Love the new design update! Very smooth.,Email Support,Billing Defect,0.2807,1,2026-09-06 13:45:27
11012,692,Customer support resolved my billing issue in 5 minutes.,Email Support,App Crash,0.1284,1,2026-09-01 23:22:27
11013,937,Customer support resolved my billing issue in 5 minutes.,Mobile App,Billing Defect,0.1426,1,2026-09-06 03:27:27
11014,586,Fast shipping and nice packaging.,Email Support,App Crash,0.3516,1,2026-09-08 04:46:27
11015,701,Customer support resolved my billing issue in 5 minutes.,Mobile App,Shipping Delay,0.2192,1,2026-08-19 22:59:27
11016,534,App keeps crashing during checkout payment step!,Web Review,Billing Defect,0.959,0,2026-08-20 19:08:27
11017,167,Package arrived damaged and customer support is ignoring my emails.,Call Center Note,App Crash,0.6527,0,2026-08-26 02:24:27
11018,788,Fast shipping and nice packaging.,Call Center Note,Billing Defect,0.3365,1,2026-08-19 02:29:27
11019,396,Customer support resolved my billing issue in 5 minutes.,Email Support,Product Quality,0.1069,1,2026-08-31 22:00:27
11020,769,"Great quality product, highly recommended!",Mobile App,App Crash,0.1271,1,2026-08-26 08:08:27
11021,724,Love the new design update! Very smooth.,Call Center Note,UI Ergonomics,0.1723,1,2026-09-17 01:23:27
11022,548,"Great quality product, highly recommended!",Call Center Note,Shipping Delay,0.2173,1,2026-09-16 14:20:27
11023,332,System latency is terrible after the latest update.,Email Support,UI Ergonomics,0.6942,0,2026-08-26 04:43:27
11024,887,App keeps crashing during checkout payment step!,Web Review,Billing Defect,0.6749,0,2026-09-11 10:36:27
11025,484,Fast shipping and nice packaging.,Twitter,Shipping Delay,0.3145,1,2026-08-22 04:11:27
11026,709,Love the new design update! Very smooth.,Call Center Note,App Crash,0.0635,1,2026-09-15 15:14:27
11027,110,Fast shipping and nice packaging.,Mobile App,Billing Defect,0.1168,1,2026-09-17 01:48:27
11028,613,Customer support resolved my billing issue in 5 minutes.,Call Center Note,Billing Defect,0.0729,1,2026-09-12 23:12:27
11029,308,"Major outage across the platform, unable to log in.",Web Review,UI Ergonomics,0.7782,0,2026-09-01 07:46:27
11030,930,Package arrived damaged and customer support is ignoring my emails.,Call Center Note,General Praise,0.8363,0,2026-08-20 06:06:27
11031,145,"Major outage across the platform, unable to log in.",Twitter,App Crash,0.6308,0,2026-08-25 02:19:27
11032,918,Fast shipping and nice packaging.,Twitter,Billing Defect,0.1673,1,2026-08-20 00:53:27
11033,115,Love the new design update! Very smooth.,Twitter,UI Ergonomics,0.3423,1,2026-09-11 20:03:27
11034,426,Package arrived damaged and customer support is ignoring my emails.,Twitter,UI Ergonomics,0.8652,0,2026-09-15 03:14:27
11035,990,Love the new design update! Very smooth.,Call Center Note,Billing Defect,0.1013,1,2026-09-03 01:56:27
11036,986,"Major outage across the platform, unable to log in.",Call Center Note,UI Ergonomics,0.9777,0,2026-09-05 19:13:27
11037,983,Package arrived damaged and customer support is ignoring my emails.,Twitter,UI Ergonomics,0.6504,0,2026-08-31 19:49:27
11038,654,System latency is terrible after the latest update.,Web Review,App Crash,0.8419,0,2026-08-29 12:47:27
11039,921,Fast shipping and nice packaging.,Web Review,Product Quality,0.0289,1,2026-09-06 17:23:27
11040,550,Package arrived damaged and customer support is ignoring my emails.,Email Support,Product Quality,0.6026,0,2026-08-21 07:59:27
11041,338,Love the new design update! Very smooth.,Mobile App,App Crash,0.1348,1,2026-08-31 18:07:27
11042,920,"Double charged on my credit card, fix this immediately!",Email Support,General Praise,0.6683,0,2026-08-20 10:38:27
11043,693,"Major outage across the platform, unable to log in.",Mobile App,Shipping Delay,0.8516,0,2026-09-11 19:20:27
11044,711,"Double charged on my credit card, fix this immediately!",Web Review,UI Ergonomics,0.8365,0,2026-08-29 23:52:27
11045,337,System latency is terrible after the latest update.,Twitter,Product Quality,0.8589,0,2026-09-13 07:14:27
11046,550,App keeps crashing during checkout payment step!,Twitter,UI Ergonomics,0.6175,0,2026-08-31 23:28:27
11047,850,System latency is terrible after the latest update.,Email Support,Billing Defect,0.7413,0,2026-08-18 21:48:27
11048,232,Customer support resolved my billing issue in 5 minutes.,Email Support,Shipping Delay,0.1969,1,2026-09-11 06:07:27
11049,488,"Great quality product, highly recommended!",Email Support,Shipping Delay,0.1917,1,2026-09-17 08:32:27
11050,358,"Double charged on my credit card, fix this immediately!",Web Review,Product Quality,0.6617,0,2026-08-18 12:02:27
11051,100,"Great quality product, highly recommended!",Call Center Note,Shipping Delay,0.3306,1,2026-08-20 08:18:27
11052,526,"Double charged on my credit card, fix this immediately!",Call Center Note,UI Ergonomics,0.9418,0,2026-09-08 10:18:27
11053,292,"Double charged on my credit card, fix this immediately!",Call Center Note,General Praise,0.754,0,2026-09-15 00:57:27
11054,910,Package arrived damaged and customer support is ignoring my emails.,Email Support,UI Ergonomics,0.9411,0,2026-09-01 15:23:27
11055,400,Love the new design update! Very smooth.,Email Support,UI Ergonomics,0.2449,1,2026-09-01 11:36:27
11056,870,"Great quality product, highly recommended!",Mobile App,General Praise,0.3476,1,2026-09-05 06:56:27
11057,165,"Great quality product, highly recommended!",Web Review,Billing Defect,0.0551,1,2026-09-03 09:35:27
11058,474,Love the new design update! Very smooth.,Twitter,Billing Defect,0.3219,1,2026-09-02 23:37:27
11059,893,"Double charged on my credit card, fix this immediately!",Email Support,UI Ergonomics,0.7651,0,2026-08-26 19:44:27
11060,961,"Double charged on my credit card, fix this immediately!",Twitter,App Crash,0.9166,0,2026-08-19 05:08:27
11061,887,Fast shipping and nice packaging.,Mobile App,Shipping Delay,0.0196,1,2026-08-19 09:14:27
11062,827,Fast shipping and nice packaging.,Web Review,Product Quality,0.1581,1,2026-08-23 10:20:27
11063,496,System latency is terrible after the latest update.,Twitter,UI Ergonomics,0.9286,0,2026-09-09 13:46:27
11064,625,Love the new design update! Very smooth.,Call Center Note,App Crash,0.2988,1,2026-08-19 06:37:27
11065,534,Customer support resolved my billing issue in 5 minutes.,Twitter,General Praise,0.1192,1,2026-09-08 20:32:27
11066,588,App keeps crashing during checkout payment step!,Call Center Note,App Crash,0.7679,0,2026-08-24 04:23:27
11067,345,Fast shipping and nice packaging.,Mobile App,Billing Defect,0.3907,1,2026-09-10 00:00:27
11068,818,"Major outage across the platform, unable to log in.",Mobile App,General Praise,0.8272,0,2026-09-03 14:08:27
11069,415,Fast shipping and nice packaging.,Call Center Note,App Crash,0.3537,1,2026-08-22 21:01:27
11070,280,"Great quality product, highly recommended!",Call Center Note,General Praise,0.3651,1,2026-09-08 07:55:27
11071,249,"Great quality product, highly recommended!",Call Center Note,App Crash,0.026,1,2026-09-10 11:41:27
11072,881,Customer support resolved my billing issue in 5 minutes.,Twitter,General Praise,0.2057,1,2026-08-23 09:39:27
11073,967,"Great quality product, highly recommended!",Email Support,Product Quality,0.1532,1,2026-09-02 17:01:27
11074,765,Fast shipping and nice packaging.,Mobile App,App Crash,0.1691,1,2026-09-16 02:38:27
11075,257,"Great quality product, highly recommended!",Mobile App,Billing Defect,0.2868,1,2026-09-08 08:45:27
11076,223,Love the new design update! Very smooth.,Web Review,App Crash,0.0383,1,2026-09-02 09:19:27
11077,617,Customer support resolved my billing issue in 5 minutes.,Mobile App,Shipping Delay,0.3481,1,2026-08-19 21:14:27
11078,150,Love the new design update! Very smooth.,Twitter,General Praise,0.1058,1,2026-09-03 14:06:27
11079,179,Package arrived damaged and customer support is ignoring my emails.,Mobile App,Product Quality,0.9167,0,2026-09-17 02:04:27
11080,484,"Major outage across the platform, unable to log in.",Email Support,General Praise,0.8754,0,2026-08-23 18:24:27
11081,273,App keeps crashing during checkout payment step!,Web Review,UI Ergonomics,0.7035,0,2026-08-24 04:57:27
11082,847,App keeps crashing during checkout payment step!,Web Review,UI Ergonomics,0.6286,0,2026-09-06 04:45:27
11083,820,Fast shipping and nice packaging.,Mobile App,General Praise,0.3274,1,2026-09-08 05:39:27
11084,156,App keeps crashing during checkout payment step!,Twitter,App Crash,0.9554,0,2026-08-25 01:51:27
11085,910,App keeps crashing during checkout payment step!,Call Center Note,General Praise,0.818,0,2026-08-25 11:44:27
11086,954,Customer support resolved my billing issue in 5 minutes.,Call Center Note,UI Ergonomics,0.2747,1,2026-08-26 19:09:27
11087,628,System latency is terrible after the latest update.,Twitter,Billing Defect,0.9074,0,2026-08-20 14:48:27
11088,893,Package arrived damaged and customer support is ignoring my emails.,Mobile App,Shipping Delay,0.7551,0,2026-09-11 04:57:27
11089,134,Fast shipping and nice packaging.,Web Review,Billing Defect,0.1916,1,2026-09-08 22:11:27
11090,897,"Great quality product, highly recommended!",Twitter,Billing Defect,0.1408,1,2026-08-19 11:24:27
11091,998,Customer support resolved my billing issue in 5 minutes.,Twitter,Product Quality,0.0103,1,2026-09-13 08:09:27
11092,791,Package arrived damaged and customer support is ignoring my emails.,Mobile App,Product Quality,0.742,0,2026-08-27 00:59:27
11093,508,"Double charged on my credit card, fix this immediately!",Twitter,Shipping Delay,0.7234,0,2026-08-29 10:39:27
11094,155,"Great quality product, highly recommended!",Twitter,General Praise,0.0902,1,2026-08-26 16:46:27
11095,971,Love the new design update! Very smooth.,Web Review,Product Quality,0.149,1,2026-09-03 18:37:27
11096,987,Fast shipping and nice packaging.,Twitter,App Crash,0.0377,1,2026-08-30 10:40:27
11097,362,App keeps crashing during checkout payment step!,Web Review,Billing Defect,0.7489,0,2026-09-03 18:21:27
11098,942,"Double charged on my credit card, fix this immediately!",Email Support,General Praise,0.7814,0,2026-09-06 14:20:27
11099,717,Fast shipping and nice packaging.,Mobile App,Billing Defect,0.3622,1,2026-09-05 17:54:27
11100,976,"Major outage across the platform, unable to log in.",Web Review,UI Ergonomics,0.9815,0,2026-09-15 03:56:27
11101,791,System latency is terrible after the latest update.,Web Review,UI Ergonomics,0.6032,0,2026-08-20 16:53:27
11102,962,App keeps crashing during checkout payment step!,Twitter,General Praise,0.7144,0,2026-09-02 14:35:27
11103,197,Customer support resolved my billing issue in 5 minutes.,Mobile App,Product Quality,0.0484,1,2026-09-16 02:28:27
11104,189,System latency is terrible after the latest update.,Mobile App,Billing Defect,0.739,0,2026-09-08 12:20:27
11105,963,System latency is terrible after the latest update.,Email Support,Product Quality,0.989,0,2026-09-07 00:31:27
11106,470,Package arrived damaged and customer support is ignoring my emails.,Web Review,UI Ergonomics,0.6474,0,2026-08-29 19:29:27
11107,868,Fast shipping and nice packaging.,Web Review,Product Quality,0.1539,1,2026-08-21 11:26:27
11108,513,Customer support resolved my billing issue in 5 minutes.,Call Center Note,UI Ergonomics,0.1208,1,2026-08-21 02:54:27
11109,463,Fast shipping and nice packaging.,Email Support,Billing Defect,0.3863,1,2026-08-23 21:49:27
11110,443,Love the new design update! Very smooth.,Twitter,App Crash,0.175,1,2026-09-09 01:15:27
11111,993,Fast shipping and nice packaging.,Email Support,Product Quality,0.1909,1,2026-08-30 19:29:27
11112,486,Love the new design update! Very smooth.,Email Support,App Crash,0.1954,1,2026-09-08 00:07:27
11113,712,"Great quality product, highly recommended!",Mobile App,General Praise,0.2029,1,2026-08-24 04:19:27
11114,778,Fast shipping and nice packaging.,Web Review,Product Quality,0.0356,1,2026-08-28 23:46:27
11115,745,Customer support resolved my billing issue in 5 minutes.,Mobile App,App Crash,0.2473,1,2026-08-19 22:13:27
11116,467,Love the new design update! Very smooth.,Email Support,UI Ergonomics,0.3188,1,2026-08-18 12:42:27
11117,178,Customer support resolved my billing issue in 5 minutes.,Mobile App,Billing Defect,0.2549,1,2026-09-11 00:58:27
11118,256,App keeps crashing during checkout payment step!,Web Review,Product Quality,0.7301,0,2026-09-11 00:31:27
11119,428,Fast shipping and nice packaging.,Email Support,Shipping Delay,0.3653,1,2026-09-12 23:01:27
11120,749,Package arrived damaged and customer support is ignoring my emails.,Call Center Note,General Praise,0.9483,0,2026-08-30 07:27:27
11121,261,Love the new design update! Very smooth.,Mobile App,Shipping Delay,0.3328,1,2026-08-19 04:13:27
11122,412,"Major outage across the platform, unable to log in.",Email Support,App Crash,0.8185,0,2026-09-13 04:46:27
11123,731,"Double charged on my credit card, fix this immediately!",Twitter,Billing Defect,0.7826,0,2026-09-13 08:11:27
11124,551,Love the new design update! Very smooth.,Mobile App,Billing Defect,0.0659,1,2026-09-06 21:00:27
11125,858,Package arrived damaged and customer support is ignoring my emails.,Call Center Note,App Crash,0.6518,0,2026-09-04 19:57:27
11126,510,Love the new design update! Very smooth.,Mobile App,App Crash,0.122,1,2026-08-21 12:31:27
11127,138,"Double charged on my credit card, fix this immediately!",Email Support,Billing Defect,0.8258,0,2026-08-20 11:58:27
11128,473,Package arrived damaged and customer support is ignoring my emails.,Call Center Note,App Crash,0.9405,0,2026-08-25 16:58:27
11129,752,System latency is terrible after the latest update.,Mobile App,Billing Defect,0.6123,0,2026-09-01 00:32:27
11130,578,System latency is terrible after the latest update.,Mobile App,UI Ergonomics,0.9358,0,2026-09-02 19:27:27
11131,864,Fast shipping and nice packaging.,Web Review,Product Quality,0.2399,1,2026-09-14 20:29:27
11132,912,Fast shipping and nice packaging.,Twitter,UI Ergonomics,0.256,1,2026-08-27 15:54:27
11133,176,"Double charged on my credit card, fix this immediately!",Call Center Note,Shipping Delay,0.8751,0,2026-08-20 08:27:27
11134,519,System latency is terrible after the latest update.,Mobile App,Shipping Delay,0.9674,0,2026-08-20 07:43:27
11135,254,"Major outage across the platform, unable to log in.",Web Review,UI Ergonomics,0.6007,0,2026-09-04 02:26:27
11136,584,"Great quality product, highly recommended!",Twitter,Shipping Delay,0.3244,1,2026-09-07 08:47:27
11137,732,Fast shipping and nice packaging.,Call Center Note,General Praise,0.1532,1,2026-09-11 15:43:27
11138,477,Love the new design update! Very smooth.,Call Center Note,UI Ergonomics,0.2116,1,2026-09-10 10:40:27
11139,870,"Double charged on my credit card, fix this immediately!",Twitter,Shipping Delay,0.9887,0,2026-09-14 04:09:27
11140,742,"Major outage across the platform, unable to log in.",Web Review,UI Ergonomics,0.7937,0,2026-09-06 05:18:27
11141,685,App keeps crashing during checkout payment step!,Call Center Note,UI Ergonomics,0.7827,0,2026-09-11 04:46:27
11142,242,"Great quality product, highly recommended!",Web Review,Billing Defect,0.3778,1,2026-09-09 17:42:27
11143,744,Love the new design update! Very smooth.,Call Center Note,Product Quality,0.2072,1,2026-08-20 08:04:27
11144,288,Customer support resolved my billing issue in 5 minutes.,Web Review,Shipping Delay,0.1333,1,2026-09-14 04:39:27
11145,990,Package arrived damaged and customer support is ignoring my emails.,Call Center Note,App Crash,0.6424,0,2026-08-28 03:33:27
11146,440,"Double charged on my credit card, fix this immediately!",Mobile App,App Crash,0.8444,0,2026-08-24 20:38:27
11147,954,"Great quality product, highly recommended!",Twitter,App Crash,0.2141,1,2026-09-12 08:33:27
11148,216,Fast shipping and nice packaging.,Call Center Note,App Crash,0.0246,1,2026-08-23 14:25:27
11149,599,Fast shipping and nice packaging.,Web Review,UI Ergonomics,0.1614,1,2026-09-11 04:33:27
11150,958,Love the new design update! Very smooth.,Email Support,Product Quality,0.3919,1,2026-09-14 08:36:27
11151,114,Customer support resolved my billing issue in 5 minutes.,Email Support,Shipping Delay,0.1023,1,2026-09-14 03:16:27
11152,396,System latency is terrible after the latest update.,Mobile App,Shipping Delay,0.777,0,2026-09-09 13:02:27
11153,244,Customer support resolved my billing issue in 5 minutes.,Mobile App,UI Ergonomics,0.2685,1,2026-08-22 08:26:27
11154,983,"Great quality product, highly recommended!",Email Support,App Crash,0.0543,1,2026-09-07 22:54:27
11155,395,"Double charged on my credit card, fix this immediately!",Web Review,Billing Defect,0.7675,0,2026-08-20 12:16:27
11156,281,Love the new design update! Very smooth.,Call Center Note,UI Ergonomics,0.0426,1,2026-09-08 19:10:27
11157,612,System latency is terrible after the latest update.,Twitter,App Crash,0.9923,0,2026-08-19 12:49:27
11158,735,Love the new design update! Very smooth.,Twitter,Shipping Delay,0.1364,1,2026-08-19 19:45:27
11159,913,Love the new design update! Very smooth.,Web Review,UI Ergonomics,0.3264,1,2026-09-16 13:38:27
11160,523,Love the new design update! Very smooth.,Call Center Note,Product Quality,0.117,1,2026-09-11 01:13:27
11161,707,Customer support resolved my billing issue in 5 minutes.,Mobile App,Product Quality,0.2476,1,2026-09-14 14:13:27
11162,225,Fast shipping and nice packaging.,Mobile App,Billing Defect,0.0296,1,2026-09-16 19:44:27
11163,936,Customer support resolved my billing issue in 5 minutes.,Mobile App,Billing Defect,0.0923,1,2026-09-06 12:24:27
11164,572,Customer support resolved my billing issue in 5 minutes.,Mobile App,UI Ergonomics,0.2749,1,2026-09-01 04:09:27
11165,410,System latency is terrible after the latest update.,Web Review,General Praise,0.8982,0,2026-09-10 18:46:27
11166,751,"Great quality product, highly recommended!",Call Center Note,UI Ergonomics,0.197,1,2026-09-07 05:07:27
11167,689,Fast shipping and nice packaging.,Call Center Note,General Praise,0.1102,1,2026-08-26 21:19:27
11168,991,Love the new design update! Very smooth.,Email Support,App Crash,0.1697,1,2026-08-29 15:50:27
11169,733,"Double charged on my credit card, fix this immediately!",Email Support,Product Quality,0.7665,0,2026-08-28 02:11:27
11170,521,Love the new design update! Very smooth.,Mobile App,Shipping Delay,0.3448,1,2026-09-11 21:28:27
11171,405,Love the new design update! Very smooth.,Email Support,UI Ergonomics,0.3433,1,2026-09-06 03:43:27
11172,735,Package arrived damaged and customer support is ignoring my emails.,Mobile App,App Crash,0.9113,0,2026-09-05 09:30:27
11173,417,Customer support resolved my billing issue in 5 minutes.,Twitter,App Crash,0.1345,1,2026-09-08 14:50:27
11174,505,System latency is terrible after the latest update.,Email Support,App Crash,0.7545,0,2026-09-17 03:24:27
11175,942,"Great quality product, highly recommended!",Call Center Note,UI Ergonomics,0.3247,1,2026-09-08 02:57:27
11176,807,Customer support resolved my billing issue in 5 minutes.,Email Support,Shipping Delay,0.2972,1,2026-09-08 13:59:27
11177,880,Love the new design update! Very smooth.,Mobile App,UI Ergonomics,0.3319,1,2026-09-08 00:20:27
11178,520,"Double charged on my credit card, fix this immediately!",Email Support,Billing Defect,0.9049,0,2026-09-13 17:04:27
11179,591,Love the new design update! Very smooth.,Web Review,App Crash,0.0938,1,2026-09-01 07:22:27
11180,296,Love the new design update! Very smooth.,Mobile App,Billing Defect,0.3262,1,2026-08-26 02:12:27
11181,991,Love the new design update! Very smooth.,Twitter,App Crash,0.1694,1,2026-08-29 23:55:27
11182,845,Package arrived damaged and customer support is ignoring my emails.,Web Review,Billing Defect,0.6651,0,2026-09-04 23:26:27
11183,427,Package arrived damaged and customer support is ignoring my emails.,Twitter,Shipping Delay,0.8057,0,2026-08-24 05:17:27
11184,781,App keeps crashing during checkout payment step!,Mobile App,App Crash,0.7208,0,2026-08-22 04:49:27
11185,638,Package arrived damaged and customer support is ignoring my emails.,Email Support,General Praise,0.9259,0,2026-09-07 08:42:27
11186,926,"Great quality product, highly recommended!",Email Support,Shipping Delay,0.2525,1,2026-09-10 06:32:27
11187,489,Customer support resolved my billing issue in 5 minutes.,Twitter,General Praise,0.1804,1,2026-08-28 13:00:27
11188,288,Customer support resolved my billing issue in 5 minutes.,Mobile App,Shipping Delay,0.1092,1,2026-08-31 17:04:27
11189,754,Customer support resolved my billing issue in 5 minutes.,Mobile App,General Praise,0.3,1,2026-09-03 16:55:27
11190,310,Love the new design update! Very smooth.,Twitter,Shipping Delay,0.3338,1,2026-08-24 17:39:27
11191,561,Customer support resolved my billing issue in 5 minutes.,Twitter,App Crash,0.2289,1,2026-09-05 14:41:27
11192,842,"Great quality product, highly recommended!",Call Center Note,UI Ergonomics,0.3109,1,2026-08-23 00:23:27
11193,540,System latency is terrible after the latest update.,Mobile App,General Praise,0.6707,0,2026-08-19 14:37:27
11194,233,"Double charged on my credit card, fix this immediately!",Email Support,General Praise,0.7177,0,2026-08-22 09:08:27
11195,785,"Double charged on my credit card, fix this immediately!",Email Support,Shipping Delay,0.8843,0,2026-09-16 09:14:27
11196,554,Package arrived damaged and customer support is ignoring my emails.,Call Center Note,App Crash,0.7685,0,2026-09-08 08:38:27
11197,867,Package arrived damaged and customer support is ignoring my emails.,Call Center Note,General Praise,0.8874,0,2026-08-25 05:48:27
11198,920,Package arrived damaged and customer support is ignoring my emails.,Call Center Note,Shipping Delay,0.7035,0,2026-08-19 07:44:27
11199,917,"Major outage across the platform, unable to log in.",Call Center Note,UI Ergonomics,0.7128,0,2026-09-04 01:38:27
11200,833,Customer support resolved my billing issue in 5 minutes.,Twitter,Product Quality,0.0413,1,2026-09-10 21:44:27
11201,899,Love the new design update! Very smooth.,Twitter,General Praise,0.1522,1,2026-08-18 19:24:27
11202,717,App keeps crashing during checkout payment step!,Web Review,General Praise,0.9803,0,2026-09-13 02:51:27
11203,493,Customer support resolved my billing issue in 5 minutes.,Call Center Note,App Crash,0.2873,1,2026-09-10 16:49:27
11204,142,"Double charged on my credit card, fix this immediately!",Email Support,UI Ergonomics,0.8537,0,2026-09-11 02:38:27
11205,909,Fast shipping and nice packaging.,Email Support,App Crash,0.2122,1,2026-08-23 21:24:27
11206,769,"Double charged on my credit card, fix this immediately!",Twitter,Product Quality,0.9087,0,2026-09-09 02:25:27
11207,302,System latency is terrible after the latest update.,Mobile App,App Crash,0.8421,0,2026-09-12 15:17:27
11208,734,"Great quality product, highly recommended!",Mobile App,General Praise,0.3701,1,2026-08-31 14:05:27
11209,139,Customer support resolved my billing issue in 5 minutes.,Web Review,UI Ergonomics,0.1816,1,2026-08-28 10:48:27
11210,663,Customer support resolved my billing issue in 5 minutes.,Mobile App,App Crash,0.3716,1,2026-08-24 04:05:27
11211,492,Fast shipping and nice packaging.,Twitter,App Crash,0.0,1,2026-09-07 00:04:27
11212,411,"Great quality product, highly recommended!",Mobile App,General Praise,0.0497,1,2026-08-26 00:53:27
11213,488,"Major outage across the platform, unable to log in.",Web Review,General Praise,0.6783,0,2026-09-07 03:49:27
11214,917,Love the new design update! Very smooth.,Email Support,Shipping Delay,0.1395,1,2026-08-18 17:42:27
11215,258,Fast shipping and nice packaging.,Twitter,General Praise,0.2325,1,2026-09-15 11:27:27
11216,147,System latency is terrible after the latest update.,Web Review,App Crash,0.9879,0,2026-09-06 12:39:27
11217,286,Fast shipping and nice packaging.,Twitter,App Crash,0.0113,1,2026-08-30 12:07:27
11218,902,"Great quality product, highly recommended!",Email Support,App Crash,0.049,1,2026-09-10 04:20:27
11219,890,Fast shipping and nice packaging.,Mobile App,Shipping Delay,0.2946,1,2026-09-02 11:39:27
11220,133,Customer support resolved my billing issue in 5 minutes.,Web Review,Billing Defect,0.2861,1,2026-09-16 12:45:27
11221,783,Customer support resolved my billing issue in 5 minutes.,Email Support,Shipping Delay,0.3871,1,2026-09-04 08:43:27
11222,498,Customer support resolved my billing issue in 5 minutes.,Call Center Note,App Crash,0.1086,1,2026-08-22 16:43:27
11223,610,Customer support resolved my billing issue in 5 minutes.,Mobile App,Shipping Delay,0.2628,1,2026-08-22 08:13:27
11224,585,System latency is terrible after the latest update.,Web Review,App Crash,0.9838,0,2026-08-28 05:16:27
11225,605,App keeps crashing during checkout payment step!,Twitter,Product Quality,0.8145,0,2026-09-10 06:49:27
11226,382,System latency is terrible after the latest update.,Twitter,General Praise,0.6126,0,2026-09-07 11:10:27
11227,138,"Great quality product, highly recommended!",Twitter,Shipping Delay,0.1872,1,2026-08-26 16:37:27
11228,449,"Major outage across the platform, unable to log in.",Mobile App,UI Ergonomics,0.8447,0,2026-09-06 06:05:27
11229,205,Package arrived damaged and customer support is ignoring my emails.,Twitter,Shipping Delay,0.7944,0,2026-08-22 13:07:27
11230,382,"Major outage across the platform, unable to log in.",Email Support,UI Ergonomics,0.7082,0,2026-08-19 19:26:27
11231,822,"Great quality product, highly recommended!",Mobile App,General Praise,0.2551,1,2026-08-19 03:01:27
11232,333,Customer support resolved my billing issue in 5 minutes.,Twitter,App Crash,0.0133,1,2026-09-04 10:05:27
11233,990,System latency is terrible after the latest update.,Web Review,General Praise,0.8021,0,2026-09-11 13:33:27
11234,149,Love the new design update! Very smooth.,Email Support,Billing Defect,0.0075,1,2026-09-01 15:36:27
11235,971,"Great quality product, highly recommended!",Web Review,App Crash,0.1608,1,2026-09-04 06:13:27
11236,674,Customer support resolved my billing issue in 5 minutes.,Web Review,App Crash,0.1996,1,2026-08-28 20:21:27
11237,294,Customer support resolved my billing issue in 5 minutes.,Email Support,App Crash,0.2721,1,2026-08-24 18:42:27
11238,159,Love the new design update! Very smooth.,Email Support,Billing Defect,0.1033,1,2026-09-02 03:26:27
11239,932,Package arrived damaged and customer support is ignoring my emails.,Email Support,General Praise,0.8061,0,2026-08-23 10:55:27
11240,585,Customer support resolved my billing issue in 5 minutes.,Call Center Note,General Praise,0.3666,1,2026-08-25 06:57:27
11241,750,Customer support resolved my billing issue in 5 minutes.,Email Support,App Crash,0.3688,1,2026-09-13 05:17:27
11242,778,App keeps crashing during checkout payment step!,Call Center Note,UI Ergonomics,0.7218,0,2026-08-20 02:57:27
11243,614,App keeps crashing during checkout payment step!,Mobile App,App Crash,0.655,0,2026-09-05 11:58:27
11244,649,Package arrived damaged and customer support is ignoring my emails.,Web Review,App Crash,0.8523,0,2026-08-31 00:38:27
11245,998,Customer support resolved my billing issue in 5 minutes.,Mobile App,Shipping Delay,0.1113,1,2026-08-24 02:48:27
11246,531,Fast shipping and nice packaging.,Twitter,App Crash,0.3573,1,2026-09-06 19:13:27
11247,833,"Major outage across the platform, unable to log in.",Call Center Note,Product Quality,0.8498,0,2026-08-24 12:11:27
11248,633,Customer support resolved my billing issue in 5 minutes.,Mobile App,UI Ergonomics,0.26,1,2026-09-02 07:38:27
11249,114,System latency is terrible after the latest update.,Web Review,UI Ergonomics,0.7821,0,2026-08-19 13:52:27
11250,308,App keeps crashing during checkout payment step!,Twitter,General Praise,0.9813,0,2026-08-28 07:03:27
11251,508,Customer support resolved my billing issue in 5 minutes.,Call Center Note,Product Quality,0.0028,1,2026-08-31 04:18:27
11252,780,"Great quality product, highly recommended!",Twitter,App Crash,0.3503,1,2026-09-14 10:19:27
11253,600,Fast shipping and nice packaging.,Email Support,App Crash,0.3016,1,2026-09-02 01:57:27
11254,199,Love the new design update! Very smooth.,Mobile App,Product Quality,0.3568,1,2026-09-11 13:14:27
11255,681,System latency is terrible after the latest update.,Twitter,Shipping Delay,0.8942,0,2026-08-28 15:01:27
11256,622,App keeps crashing during checkout payment step!,Email Support,General Praise,0.6439,0,2026-09-11 22:18:27
11257,976,Fast shipping and nice packaging.,Email Support,App Crash,0.2392,1,2026-08-18 10:17:27
11258,125,Package arrived damaged and customer support is ignoring my emails.,Mobile App,UI Ergonomics,0.8706,0,2026-09-12 13:21:27
11259,612,Love the new design update! Very smooth.,Mobile App,Billing Defect,0.0277,1,2026-08-21 08:07:27
11260,621,Customer support resolved my billing issue in 5 minutes.,Call Center Note,Product Quality,0.0442,1,2026-09-06 07:57:27
11261,363,Customer support resolved my billing issue in 5 minutes.,Mobile App,UI Ergonomics,0.0394,1,2026-09-03 23:09:27
11262,872,Fast shipping and nice packaging.,Call Center Note,Shipping Delay,0.2705,1,2026-08-21 13:32:27
11263,989,"Major outage across the platform, unable to log in.",Email Support,Product Quality,0.6311,0,2026-09-14 11:55:27
11264,776,App keeps crashing during checkout payment step!,Web Review,Product Quality,0.6913,0,2026-08-25 16:17:27
11265,503,App keeps crashing during checkout payment step!,Call Center Note,UI Ergonomics,0.6253,0,2026-08-24 21:01:27
11266,422,App keeps crashing during checkout payment step!,Mobile App,App Crash,0.8935,0,2026-08-20 12:00:27
11267,921,Love the new design update! Very smooth.,Web Review,Shipping Delay,0.3697,1,2026-08-31 20:47:27
11268,404,Love the new design update! Very smooth.,Twitter,Shipping Delay,0.1518,1,2026-09-13 18:00:27
11269,704,"Double charged on my credit card, fix this immediately!",Mobile App,General Praise,0.8636,0,2026-09-17 03:21:27
11270,765,System latency is terrible after the latest update.,Twitter,General Praise,0.6278,0,2026-08-29 14:14:27
11271,637,"Great quality product, highly recommended!",Mobile App,UI Ergonomics,0.1365,1,2026-08-30 15:58:27
11272,328,"Great quality product, highly recommended!",Twitter,Product Quality,0.2595,1,2026-09-14 09:40:27
11273,801,App keeps crashing during checkout payment step!,Web Review,Billing Defect,0.6844,0,2026-08-22 00:53:27
11274,354,Package arrived damaged and customer support is ignoring my emails.,Mobile App,General Praise,0.702,0,2026-08-27 02:15:27
11275,532,"Great quality product, highly recommended!",Twitter,General Praise,0.3761,1,2026-08-31 19:38:27
11276,661,"Great quality product, highly recommended!",Twitter,App Crash,0.2213,1,2026-09-12 21:50:27
11277,668,System latency is terrible after the latest update.,Twitter,Shipping Delay,0.9344,0,2026-09-05 17:40:27
11278,275,Customer support resolved my billing issue in 5 minutes.,Email Support,App Crash,0.1613,1,2026-08-19 02:19:27
11279,474,Package arrived damaged and customer support is ignoring my emails.,Web Review,General Praise,0.9499,0,2026-09-04 01:58:27
11280,188,Customer support resolved my billing issue in 5 minutes.,Web Review,UI Ergonomics,0.3444,1,2026-09-02 02:50:27
11281,207,"Major outage across the platform, unable to log in.",Email Support,Billing Defect,0.8319,0,2026-08-22 18:56:27
11282,435,"Great quality product, highly recommended!",Twitter,Billing Defect,0.0855,1,2026-09-02 14:54:27
11283,504,Fast shipping and nice packaging.,Call Center Note,Product Quality,0.2217,1,2026-08-26 17:05:27
11284,596,Love the new design update! Very smooth.,Twitter,App Crash,0.3617,1,2026-09-08 00:30:27
11285,752,"Great quality product, highly recommended!",Call Center Note,UI Ergonomics,0.0588,1,2026-09-10 12:52:27
11286,702,"Great quality product, highly recommended!",Web Review,App Crash,0.2176,1,2026-08-21 11:41:27
11287,402,System latency is terrible after the latest update.,Twitter,UI Ergonomics,0.6248,0,2026-08-23 07:57:27
11288,749,"Great quality product, highly recommended!",Mobile App,App Crash,0.2422,1,2026-09-16 19:20:27
11289,979,Customer support resolved my billing issue in 5 minutes.,Email Support,General Praise,0.2958,1,2026-09-02 16:29:27
11290,115,Fast shipping and nice packaging.,Email Support,General Praise,0.0212,1,2026-09-14 21:54:27
11291,378,Fast shipping and nice packaging.,Call Center Note,UI Ergonomics,0.0814,1,2026-09-11 01:08:27
11292,369,Fast shipping and nice packaging.,Email Support,Product Quality,0.0018,1,2026-09-11 04:59:27
11293,428,"Major outage across the platform, unable to log in.",Call Center Note,Billing Defect,0.9003,0,2026-08-20 05:22:27
11294,414,Customer support resolved my billing issue in 5 minutes.,Call Center Note,Shipping Delay,0.2376,1,2026-09-08 06:01:27
11295,268,"Double charged on my credit card, fix this immediately!",Email Support,Billing Defect,0.7695,0,2026-09-06 16:22:27
11296,640,App keeps crashing during checkout payment step!,Web Review,Billing Defect,0.731,0,2026-09-01 05:59:27
11297,860,"Great quality product, highly recommended!",Call Center Note,General Praise,0.3971,1,2026-08-25 04:03:27
11298,755,Fast shipping and nice packaging.,Email Support,Billing Defect,0.2401,1,2026-08-25 22:01:27
11299,925,Customer support resolved my billing issue in 5 minutes.,Twitter,Product Quality,0.3856,1,2026-09-08 22:29:27
11300,876,Fast shipping and nice packaging.,Email Support,UI Ergonomics,0.0944,1,2026-09-12 18:07:27
11301,620,Love the new design update! Very smooth.,Web Review,UI Ergonomics,0.0584,1,2026-09-07 03:48:27
11302,981,Love the new design update! Very smooth.,Email Support,Product Quality,0.3753,1,2026-09-10 10:35:27
11303,796,"Great quality product, highly recommended!",Web Review,Shipping Delay,0.3565,1,2026-08-29 13:58:27
11304,646,"Great quality product, highly recommended!",Mobile App,Billing Defect,0.0197,1,2026-08-29 15:04:27
11305,228,"Major outage across the platform, unable to log in.",Email Support,UI Ergonomics,0.9178,0,2026-09-13 09:21:27
11306,135,Package arrived damaged and customer support is ignoring my emails.,Twitter,Billing Defect,0.6627,0,2026-09-04 08:35:27
11307,437,"Great quality product, highly recommended!",Email Support,Shipping Delay,0.3114,1,2026-09-04 16:55:27
11308,730,Customer support resolved my billing issue in 5 minutes.,Twitter,Shipping Delay,0.2494,1,2026-08-19 12:14:27
11309,843,Fast shipping and nice packaging.,Mobile App,Shipping Delay,0.1065,1,2026-09-08 04:36:27
11310,112,System latency is terrible after the latest update.,Call Center Note,UI Ergonomics,0.9747,0,2026-09-05 01:19:27
11311,746,System latency is terrible after the latest update.,Web Review,Billing Defect,0.6256,0,2026-08-24 13:31:27
11312,783,"Great quality product, highly recommended!",Twitter,Product Quality,0.0901,1,2026-09-09 04:54:27
11313,668,App keeps crashing during checkout payment step!,Mobile App,General Praise,0.6699,0,2026-08-22 16:01:27
11314,640,Love the new design update! Very smooth.,Email Support,UI Ergonomics,0.2142,1,2026-08-25 17:51:27
11315,888,Fast shipping and nice packaging.,Twitter,Shipping Delay,0.3217,1,2026-09-04 21:43:27
11316,695,Customer support resolved my billing issue in 5 minutes.,Call Center Note,App Crash,0.2849,1,2026-09-11 04:04:27
11317,737,Package arrived damaged and customer support is ignoring my emails.,Mobile App,App Crash,0.7082,0,2026-08-27 06:18:27
11318,131,Customer support resolved my billing issue in 5 minutes.,Mobile App,Billing Defect,0.017,1,2026-08-23 23:11:27
11319,524,Customer support resolved my billing issue in 5 minutes.,Twitter,Billing Defect,0.1183,1,2026-09-16 21:57:27
11320,579,"Great quality product, highly recommended!",Email Support,Product Quality,0.0228,1,2026-08-22 04:07:27
11321,361,"Double charged on my credit card, fix this immediately!",Mobile App,Shipping Delay,0.724,0,2026-09-03 05:15:27
11322,867,Love the new design update! Very smooth.,Email Support,General Praise,0.0124,1,2026-08-29 06:19:27
11323,484,System latency is terrible after the latest update.,Web Review,Billing Defect,0.7228,0,2026-08-24 16:51:27
11324,107,"Double charged on my credit card, fix this immediately!",Web Review,Billing Defect,0.9338,0,2026-09-09 07:51:27
11325,359,Fast shipping and nice packaging.,Call Center Note,App Crash,0.0541,1,2026-08-24 06:46:27
11326,355,App keeps crashing during checkout payment step!,Twitter,Shipping Delay,0.6381,0,2026-09-07 07:39:27
11327,308,"Great quality product, highly recommended!",Twitter,Billing Defect,0.3369,1,2026-08-21 03:23:27
11328,234,Customer support resolved my billing issue in 5 minutes.,Web Review,Billing Defect,0.3484,1,2026-08-21 17:58:27
11329,941,"Great quality product, highly recommended!",Mobile App,Product Quality,0.3291,1,2026-08-23 13:27:27
11330,164,Love the new design update! Very smooth.,Twitter,Product Quality,0.1825,1,2026-09-15 15:25:27
11331,270,Love the new design update! Very smooth.,Twitter,Product Quality,0.3574,1,2026-08-29 12:34:27
11332,877,Package arrived damaged and customer support is ignoring my emails.,Web Review,Shipping Delay,0.8606,0,2026-08-24 11:03:27
11333,410,Customer support resolved my billing issue in 5 minutes.,Email Support,Shipping Delay,0.122,1,2026-08-22 06:56:27
11334,416,Package arrived damaged and customer support is ignoring my emails.,Twitter,General Praise,0.8168,0,2026-08-20 01:35:27
11335,834,App keeps crashing during checkout payment step!,Email Support,Product Quality,0.7085,0,2026-09-13 08:49:27
11336,223,"Double charged on my credit card, fix this immediately!",Web Review,General Praise,0.8857,0,2026-09-17 01:53:27
11337,953,Customer support resolved my billing issue in 5 minutes.,Twitter,UI Ergonomics,0.0258,1,2026-08-30 18:39:27
11338,305,System latency is terrible after the latest update.,Web Review,App Crash,0.9255,0,2026-08-19 08:15:27
11339,291,Customer support resolved my billing issue in 5 minutes.,Web Review,General Praise,0.2252,1,2026-09-11 12:59:27
11340,633,Love the new design update! Very smooth.,Email Support,App Crash,0.1493,1,2026-09-07 08:00:27
11341,372,"Great quality product, highly recommended!",Web Review,Shipping Delay,0.1782,1,2026-09-03 06:23:27
11342,939,Fast shipping and nice packaging.,Call Center Note,UI Ergonomics,0.0474,1,2026-09-05 13:35:27
11343,483,Customer support resolved my billing issue in 5 minutes.,Twitter,UI Ergonomics,0.3057,1,2026-08-22 20:46:27
11344,257,"Major outage across the platform, unable to log in.",Email Support,Billing Defect,0.7604,0,2026-09-02 23:26:27
11345,557,Customer support resolved my billing issue in 5 minutes.,Twitter,General Praise,0.0377,1,2026-08-23 12:10:27
11346,925,"Great quality product, highly recommended!",Twitter,General Praise,0.2127,1,2026-09-11 12:51:27
11347,374,Fast shipping and nice packaging.,Email Support,UI Ergonomics,0.3343,1,2026-09-10 23:35:27
11348,755,Customer support resolved my billing issue in 5 minutes.,Web Review,Shipping Delay,0.1873,1,2026-09-17 03:01:27
11349,174,"Major outage across the platform, unable to log in.",Twitter,Product Quality,0.7685,0,2026-09-12 01:01:27
11350,228,"Great quality product, highly recommended!",Twitter,Product Quality,0.2813,1,2026-09-12 23:54:27
11351,805,Fast shipping and nice packaging.,Web Review,App Crash,0.0621,1,2026-09-11 16:37:27
11352,771,Customer support resolved my billing issue in 5 minutes.,Call Center Note,Product Quality,0.071,1,2026-09-04 01:41:27
11353,372,"Great quality product, highly recommended!",Twitter,App Crash,0.3432,1,2026-08-30 12:44:27
11354,495,Love the new design update! Very smooth.,Web Review,General Praise,0.149,1,2026-09-16 22:14:27
11355,260,System latency is terrible after the latest update.,Email Support,UI Ergonomics,0.9831,0,2026-08-21 20:01:27
11356,658,Customer support resolved my billing issue in 5 minutes.,Email Support,Product Quality,0.0549,1,2026-09-15 17:16:27
11357,335,"Major outage across the platform, unable to log in.",Email Support,UI Ergonomics,0.8708,0,2026-08-24 03:46:27
11358,424,System latency is terrible after the latest update.,Call Center Note,General Praise,0.9821,0,2026-08-29 01:47:27
11359,272,"Great quality product, highly recommended!",Web Review,Product Quality,0.1241,1,2026-09-14 02:20:27
11360,510,Customer support resolved my billing issue in 5 minutes.,Mobile App,App Crash,0.3539,1,2026-08-19 23:39:27
11361,471,App keeps crashing during checkout payment step!,Mobile App,App Crash,0.7321,0,2026-08-24 04:15:27
11362,877,Customer support resolved my billing issue in 5 minutes.,Call Center Note,Shipping Delay,0.3717,1,2026-08-26 10:22:27
11363,423,Love the new design update! Very smooth.,Mobile App,General Praise,0.2129,1,2026-08-23 08:38:27
11364,195,Fast shipping and nice packaging.,Email Support,Shipping Delay,0.2592,1,2026-09-09 04:34:27
11365,964,System latency is terrible after the latest update.,Web Review,Product Quality,0.7555,0,2026-08-21 07:29:27
11366,103,Fast shipping and nice packaging.,Twitter,UI Ergonomics,0.2061,1,2026-08-20 09:02:27
11367,831,Love the new design update! Very smooth.,Twitter,Product Quality,0.2073,1,2026-09-04 05:28:27
11368,258,Fast shipping and nice packaging.,Call Center Note,Shipping Delay,0.2349,1,2026-09-14 09:51:27
11369,793,Customer support resolved my billing issue in 5 minutes.,Call Center Note,Product Quality,0.1304,1,2026-08-21 11:04:27
11370,174,"Great quality product, highly recommended!",Mobile App,UI Ergonomics,0.2292,1,2026-09-13 14:50:27
11371,600,Love the new design update! Very smooth.,Twitter,Product Quality,0.0653,1,2026-08-22 23:24:27
11372,656,App keeps crashing during checkout payment step!,Call Center Note,Billing Defect,0.7878,0,2026-08-23 18:25:27
11373,523,Love the new design update! Very smooth.,Mobile App,Shipping Delay,0.2303,1,2026-08-27 09:59:27
11374,382,"Double charged on my credit card, fix this immediately!",Mobile App,App Crash,0.6721,0,2026-08-29 06:11:27
11375,253,Package arrived damaged and customer support is ignoring my emails.,Web Review,UI Ergonomics,0.8496,0,2026-09-08 10:27:27
11376,448,Customer support resolved my billing issue in 5 minutes.,Web Review,App Crash,0.029,1,2026-08-23 22:16:27
11377,272,Love the new design update! Very smooth.,Web Review,App Crash,0.2941,1,2026-08-28 18:13:27
11378,197,"Major outage across the platform, unable to log in.",Twitter,UI Ergonomics,0.7122,0,2026-08-28 21:51:27
11379,325,Love the new design update! Very smooth.,Email Support,Product Quality,0.137,1,2026-08-24 22:22:27
11380,699,Love the new design update! Very smooth.,Web Review,General Praise,0.2827,1,2026-09-07 04:11:27
11381,186,System latency is terrible after the latest update.,Web Review,Billing Defect,0.7888,0,2026-08-30 07:59:27
11382,531,App keeps crashing during checkout payment step!,Mobile App,UI Ergonomics,0.7577,0,2026-08-21 01:16:27
11383,904,Love the new design update! Very smooth.,Web Review,General Praise,0.1581,1,2026-09-13 08:55:27
11384,284,"Major outage across the platform, unable to log in.",Mobile App,UI Ergonomics,0.7712,0,2026-09-12 20:24:27
11385,136,"Double charged on my credit card, fix this immediately!",Call Center Note,UI Ergonomics,0.7468,0,2026-09-04 01:13:27
11386,419,"Double charged on my credit card, fix this immediately!",Mobile App,Product Quality,0.842,0,2026-08-23 05:54:27
11387,669,"Great quality product, highly recommended!",Call Center Note,Product Quality,0.114,1,2026-09-07 14:22:27
11388,740,Customer support resolved my billing issue in 5 minutes.,Mobile App,Product Quality,0.3986,1,2026-09-01 03:15:27
11389,868,Fast shipping and nice packaging.,Twitter,Billing Defect,0.3007,1,2026-08-26 14:27:27
11390,108,Customer support resolved my billing issue in 5 minutes.,Mobile App,General Praise,0.3956,1,2026-09-12 09:21:27
11391,826,"Major outage across the platform, unable to log in.",Call Center Note,Shipping Delay,0.8498,0,2026-09-09 13:23:27
11392,686,Love the new design update! Very smooth.,Call Center Note,UI Ergonomics,0.3903,1,2026-09-03 06:15:27
11393,879,Fast shipping and nice packaging.,Web Review,General Praise,0.023,1,2026-08-23 07:30:27
11394,828,App keeps crashing during checkout payment step!,Twitter,App Crash,0.8977,0,2026-09-05 07:44:27
11395,345,System latency is terrible after the latest update.,Web Review,App Crash,0.7365,0,2026-08-30 17:46:27
11396,116,Love the new design update! Very smooth.,Twitter,App Crash,0.009,1,2026-08-30 13:52:27
11397,292,"Double charged on my credit card, fix this immediately!",Call Center Note,Product Quality,0.6673,0,2026-09-03 10:31:27
11398,803,"Great quality product, highly recommended!",Email Support,App Crash,0.3966,1,2026-09-13 18:47:27
11399,464,Love the new design update! Very smooth.,Web Review,General Praise,0.041,1,2026-09-01 10:25:27
11400,929,Customer support resolved my billing issue in 5 minutes.,Call Center Note,Product Quality,0.073,1,2026-08-27 15:43:27
11401,119,Package arrived damaged and customer support is ignoring my emails.,Email Support,App Crash,0.8752,0,2026-08-31 10:39:27
11402,638,System latency is terrible after the latest update.,Email Support,Shipping Delay,0.8509,0,2026-09-06 04:39:27
11403,543,System latency is terrible after the latest update.,Twitter,Billing Defect,0.7378,0,2026-09-01 18:37:27
11404,217,Fast shipping and nice packaging.,Twitter,Product Quality,0.0919,1,2026-09-15 06:28:27
11405,401,App keeps crashing during checkout payment step!,Email Support,Product Quality,0.7877,0,2026-09-16 11:00:27
11406,591,Fast shipping and nice packaging.,Twitter,UI Ergonomics,0.1315,1,2026-09-09 19:03:27
11407,828,Fast shipping and nice packaging.,Mobile App,Shipping Delay,0.1402,1,2026-08-28 09:00:27
11408,598,App keeps crashing during checkout payment step!,Email Support,App Crash,0.8202,0,2026-08-27 22:52:27
11409,396,Fast shipping and nice packaging.,Twitter,Product Quality,0.1942,1,2026-08-20 01:42:27
11410,768,Fast shipping and nice packaging.,Mobile App,General Praise,0.1249,1,2026-09-11 03:05:27
11411,519,Love the new design update! Very smooth.,Email Support,Product Quality,0.0317,1,2026-09-05 08:17:27
11412,295,"Great quality product, highly recommended!",Call Center Note,Shipping Delay,0.1559,1,2026-08-22 11:23:27
11413,858,"Major outage across the platform, unable to log in.",Call Center Note,Billing Defect,0.6875,0,2026-09-07 18:38:27
11414,998,Customer support resolved my billing issue in 5 minutes.,Web Review,App Crash,0.3812,1,2026-09-01 10:18:27
11415,851,"Great quality product, highly recommended!",Call Center Note,General Praise,0.0128,1,2026-08-30 18:21:27
11416,274,"Great quality product, highly recommended!",Mobile App,Shipping Delay,0.3428,1,2026-09-03 03:58:27
11417,910,"Double charged on my credit card, fix this immediately!",Web Review,Shipping Delay,0.6754,0,2026-09-06 15:48:27
11418,477,"Great quality product, highly recommended!",Email Support,UI Ergonomics,0.195,1,2026-08-23 14:03:27
11419,673,Love the new design update! Very smooth.,Mobile App,General Praise,0.0834,1,2026-09-06 22:56:27
11420,524,"Great quality product, highly recommended!",Mobile App,App Crash,0.0747,1,2026-09-01 01:08:27
11421,960,Fast shipping and nice packaging.,Twitter,App Crash,0.3958,1,2026-09-06 23:38:27
11422,283,"Great quality product, highly recommended!",Call Center Note,Billing Defect,0.1155,1,2026-08-20 04:45:27
11423,805,"Great quality product, highly recommended!",Twitter,Billing Defect,0.2799,1,2026-08-28 12:12:27
11424,834,Customer support resolved my billing issue in 5 minutes.,Web Review,General Praise,0.1609,1,2026-09-02 15:09:27
11425,116,"Double charged on my credit card, fix this immediately!",Call Center Note,App Crash,0.8775,0,2026-08-22 19:43:27
11426,901,Fast shipping and nice packaging.,Twitter,UI Ergonomics,0.114,1,2026-08-20 23:01:27
11427,841,"Major outage across the platform, unable to log in.",Web Review,UI Ergonomics,0.9445,0,2026-08-26 18:31:27
11428,492,Fast shipping and nice packaging.,Twitter,Billing Defect,0.2444,1,2026-08-31 04:11:27
11429,335,App keeps crashing during checkout payment step!,Email Support,Billing Defect,0.9939,0,2026-09-10 03:27:27
11430,195,"Great quality product, highly recommended!",Twitter,Shipping Delay,0.0103,1,2026-09-10 05:42:27
11431,262,System latency is terrible after the latest update.,Twitter,Product Quality,0.9275,0,2026-09-13 01:30:27
11432,839,"Great quality product, highly recommended!",Mobile App,Product Quality,0.3209,1,2026-08-22 21:15:27
11433,437,Customer support resolved my billing issue in 5 minutes.,Web Review,App Crash,0.2222,1,2026-09-14 02:21:27
11434,527,Love the new design update! Very smooth.,Web Review,Billing Defect,0.2313,1,2026-08-25 01:42:27
11435,635,Love the new design update! Very smooth.,Call Center Note,Product Quality,0.0428,1,2026-08-31 12:43:27
11436,678,System latency is terrible after the latest update.,Email Support,App Crash,0.9237,0,2026-08-24 11:10:27
11437,196,"Great quality product, highly recommended!",Email Support,Shipping Delay,0.0367,1,2026-08-31 22:09:27
11438,196,Fast shipping and nice packaging.,Mobile App,Billing Defect,0.3182,1,2026-09-05 06:26:27
11439,208,"Great quality product, highly recommended!",Twitter,Shipping Delay,0.2964,1,2026-09-15 22:47:27
11440,132,"Double charged on my credit card, fix this immediately!",Email Support,Billing Defect,0.9614,0,2026-09-10 02:50:27
11441,181,System latency is terrible after the latest update.,Call Center Note,Product Quality,0.9705,0,2026-09-03 23:30:27
11442,933,"Great quality product, highly recommended!",Web Review,UI Ergonomics,0.3438,1,2026-09-16 00:16:27
11443,159,"Great quality product, highly recommended!",Mobile App,General Praise,0.3022,1,2026-09-06 05:31:27
11444,351,Package arrived damaged and customer support is ignoring my emails.,Call Center Note,Billing Defect,0.7225,0,2026-08-22 13:45:27
11445,155,"Double charged on my credit card, fix this immediately!",Call Center Note,Shipping Delay,0.9625,0,2026-09-14 11:31:27
11446,274,Love the new design update! Very smooth.,Email Support,UI Ergonomics,0.0188,1,2026-08-30 09:14:27
11447,455,"Major outage across the platform, unable to log in.",Mobile App,Shipping Delay,0.8799,0,2026-08-21 15:29:27
11448,724,System latency is terrible after the latest update.,Mobile App,UI Ergonomics,0.8351,0,2026-09-07 15:06:27
11449,342,Love the new design update! Very smooth.,Email Support,Billing Defect,0.3068,1,2026-08-24 03:16:27
11450,918,"Major outage across the platform, unable to log in.",Call Center Note,Shipping Delay,0.7697,0,2026-09-14 17:01:27
11451,583,System latency is terrible after the latest update.,Email Support,General Praise,0.7678,0,2026-08-26 05:48:27
11452,464,Fast shipping and nice packaging.,Twitter,UI Ergonomics,0.0341,1,2026-08-27 08:05:27
11453,764,"Double charged on my credit card, fix this immediately!",Twitter,General Praise,0.7411,0,2026-08-30 07:29:27
11454,793,Fast shipping and nice packaging.,Twitter,App Crash,0.1383,1,2026-08-31 17:29:27
11455,725,Customer support resolved my billing issue in 5 minutes.,Email Support,UI Ergonomics,0.3499,1,2026-08-24 07:20:27
11456,721,Customer support resolved my billing issue in 5 minutes.,Email Support,App Crash,0.1725,1,2026-08-25 20:37:27
11457,850,"Great quality product, highly recommended!",Email Support,UI Ergonomics,0.0721,1,2026-08-21 07:16:27
11458,605,"Great quality product, highly recommended!",Mobile App,Billing Defect,0.0099,1,2026-09-13 16:33:27
11459,258,Customer support resolved my billing issue in 5 minutes.,Call Center Note,Shipping Delay,0.1249,1,2026-08-21 07:38:27
11460,305,"Great quality product, highly recommended!",Twitter,Billing Defect,0.3681,1,2026-09-07 12:09:27
11461,574,Customer support resolved my billing issue in 5 minutes.,Email Support,Billing Defect,0.2793,1,2026-09-04 19:21:27
11462,559,"Double charged on my credit card, fix this immediately!",Twitter,App Crash,0.8487,0,2026-08-28 21:16:27
11463,279,App keeps crashing during checkout payment step!,Twitter,Billing Defect,0.657,0,2026-08-28 07:51:27
11464,265,"Great quality product, highly recommended!",Twitter,General Praise,0.3262,1,2026-09-09 09:28:27
11465,767,Package arrived damaged and customer support is ignoring my emails.,Web Review,Product Quality,0.6572,0,2026-09-12 11:22:27
11466,434,System latency is terrible after the latest update.,Call Center Note,Billing Defect,0.6502,0,2026-09-11 01:07:27
11467,957,Love the new design update! Very smooth.,Web Review,Product Quality,0.375,1,2026-09-11 19:36:27
11468,443,App keeps crashing during checkout payment step!,Call Center Note,Shipping Delay,0.9541,0,2026-08-27 19:11:27
11469,611,System latency is terrible after the latest update.,Twitter,UI Ergonomics,0.9689,0,2026-09-03 07:29:27
11470,333,Customer support resolved my billing issue in 5 minutes.,Mobile App,Product Quality,0.195,1,2026-09-05 17:36:27
11471,973,System latency is terrible after the latest update.,Mobile App,Product Quality,0.7652,0,2026-08-23 20:34:27
11472,617,Fast shipping and nice packaging.,Call Center Note,App Crash,0.348,1,2026-08-20 23:08:27
11473,743,Love the new design update! Very smooth.,Twitter,General Praise,0.3536,1,2026-08-31 13:38:27
11474,188,"Great quality product, highly recommended!",Twitter,General Praise,0.3995,1,2026-09-04 06:14:27
11475,883,"Great quality product, highly recommended!",Twitter,General Praise,0.1402,1,2026-09-10 03:23:27
11476,766,Customer support resolved my billing issue in 5 minutes.,Twitter,App Crash,0.0197,1,2026-08-18 11:16:27
11477,786,"Great quality product, highly recommended!",Call Center Note,Product Quality,0.1777,1,2026-08-26 01:21:27
11478,528,"Great quality product, highly recommended!",Email Support,Billing Defect,0.0003,1,2026-09-07 16:43:27
11479,782,"Double charged on my credit card, fix this immediately!",Call Center Note,Shipping Delay,0.8385,0,2026-09-03 21:02:27
11480,882,App keeps crashing during checkout payment step!,Call Center Note,Shipping Delay,0.6277,0,2026-09-11 11:09:27
11481,222,System latency is terrible after the latest update.,Web Review,Shipping Delay,0.9173,0,2026-08-28 08:54:27
11482,932,Fast shipping and nice packaging.,Web Review,UI Ergonomics,0.0158,1,2026-09-15 05:01:27
11483,707,Fast shipping and nice packaging.,Mobile App,Shipping Delay,0.0204,1,2026-08-30 01:05:27
11484,835,Customer support resolved my billing issue in 5 minutes.,Email Support,Billing Defect,0.3921,1,2026-08-26 16:52:27
11485,785,Customer support resolved my billing issue in 5 minutes.,Mobile App,App Crash,0.3147,1,2026-08-18 17:23:27
11486,311,App keeps crashing during checkout payment step!,Web Review,General Praise,0.8037,0,2026-08-20 08:44:27
11487,621,Love the new design update! Very smooth.,Web Review,Shipping Delay,0.2647,1,2026-08-26 06:38:27
11488,336,Customer support resolved my billing issue in 5 minutes.,Email Support,Billing Defect,0.3579,1,2026-08-20 23:28:27
11489,870,Love the new design update! Very smooth.,Call Center Note,UI Ergonomics,0.2396,1,2026-08-26 01:57:27
11490,365,Love the new design update! Very smooth.,Mobile App,Product Quality,0.1836,1,2026-08-24 11:53:27
11491,530,"Great quality product, highly recommended!",Call Center Note,Billing Defect,0.329,1,2026-08-26 13:45:27
11492,625,"Double charged on my credit card, fix this immediately!",Email Support,Shipping Delay,0.7025,0,2026-09-05 04:48:27
11493,798,Customer support resolved my billing issue in 5 minutes.,Mobile App,General Praise,0.1682,1,2026-09-11 18:39:27
11494,727,App keeps crashing during checkout payment step!,Web Review,App Crash,0.9399,0,2026-09-01 05:04:27
11495,365,Love the new design update! Very smooth.,Web Review,Billing Defect,0.3276,1,2026-08-29 12:51:27
11496,291,App keeps crashing during checkout payment step!,Mobile App,Shipping Delay,0.818,0,2026-08-25 06:02:27
11497,241,System latency is terrible after the latest update.,Mobile App,Product Quality,0.8469,0,2026-08-24 03:19:27
11498,793,"Double charged on my credit card, fix this immediately!",Call Center Note,App Crash,0.8732,0,2026-09-16 13:28:27
11499,775,System latency is terrible after the latest update.,Mobile App,Shipping Delay,0.7242,0,2026-08-27 11:54:27
11500,520,Fast shipping and nice packaging.,Email Support,UI Ergonomics,0.0144,1,2026-09-09 07:04:27
11501,956,"Great quality product, highly recommended!",Call Center Note,General Praise,0.2577,1,2026-09-02 12:51:27
11502,861,"Major outage across the platform, unable to log in.",Twitter,Product Quality,0.7249,0,2026-09-06 05:45:27
11503,162,Customer support resolved my billing issue in 5 minutes.,Web Review,UI Ergonomics,0.0275,1,2026-09-03 00:20:27
11504,107,Customer support resolved my billing issue in 5 minutes.,Web Review,UI Ergonomics,0.3179,1,2026-08-31 02:19:27
11505,717,"Great quality product, highly recommended!",Twitter,Product Quality,0.3378,1,2026-08-21 05:19:27
11506,504,Package arrived damaged and customer support is ignoring my emails.,Web Review,Product Quality,0.7744,0,2026-09-01 07:01:27
11507,758,Package arrived damaged and customer support is ignoring my emails.,Web Review,App Crash,0.6557,0,2026-08-27 09:06:27
11508,650,Package arrived damaged and customer support is ignoring my emails.,Twitter,Product Quality,0.6442,0,2026-08-31 03:33:27
11509,818,Love the new design update! Very smooth.,Email Support,General Praise,0.1842,1,2026-09-07 17:15:27
11510,183,Fast shipping and nice packaging.,Call Center Note,App Crash,0.038,1,2026-08-22 00:59:27
11511,316,App keeps crashing during checkout payment step!,Call Center Note,Product Quality,0.9561,0,2026-09-05 10:04:27
11512,699,"Double charged on my credit card, fix this immediately!",Mobile App,UI Ergonomics,0.6489,0,2026-09-15 05:36:27
11513,479,"Double charged on my credit card, fix this immediately!",Web Review,App Crash,0.7819,0,2026-09-04 18:48:27
11514,131,"Great quality product, highly recommended!",Mobile App,Billing Defect,0.2751,1,2026-09-05 20:09:27
11515,516,Customer support resolved my billing issue in 5 minutes.,Web Review,UI Ergonomics,0.2286,1,2026-09-09 08:11:27
11516,569,System latency is terrible after the latest update.,Web Review,General Praise,0.7402,0,2026-09-05 14:55:27
11517,670,Love the new design update! Very smooth.,Twitter,Product Quality,0.0365,1,2026-08-31 02:11:27
11518,343,Love the new design update! Very smooth.,Call Center Note,Product Quality,0.0029,1,2026-08-19 12:32:27
11519,623,"Great quality product, highly recommended!",Email Support,Billing Defect,0.3373,1,2026-08-26 13:09:27
11520,184,Package arrived damaged and customer support is ignoring my emails.,Email Support,Shipping Delay,0.615,0,2026-08-26 21:39:27
11521,581,"Great quality product, highly recommended!",Email Support,General Praise,0.0901,1,2026-09-13 21:02:27
11522,875,Package arrived damaged and customer support is ignoring my emails.,Web Review,UI Ergonomics,0.864,0,2026-09-01 16:41:27
11523,588,App keeps crashing during checkout payment step!,Twitter,UI Ergonomics,0.7076,0,2026-09-07 08:44:27
11524,923,"Major outage across the platform, unable to log in.",Call Center Note,UI Ergonomics,0.7923,0,2026-09-16 04:33:27
11525,882,Love the new design update! Very smooth.,Twitter,Billing Defect,0.1249,1,2026-09-06 13:29:27
11526,425,System latency is terrible after the latest update.,Email Support,Shipping Delay,0.813,0,2026-08-28 02:56:27
11527,563,Love the new design update! Very smooth.,Twitter,UI Ergonomics,0.0049,1,2026-09-06 08:39:27
11528,987,"Double charged on my credit card, fix this immediately!",Call Center Note,App Crash,0.9429,0,2026-09-13 05:42:27
11529,403,Fast shipping and nice packaging.,Call Center Note,Billing Defect,0.0184,1,2026-08-19 12:45:27
11530,529,"Major outage across the platform, unable to log in.",Web Review,General Praise,0.7952,0,2026-09-01 13:15:27
11531,726,Package arrived damaged and customer support is ignoring my emails.,Call Center Note,General Praise,0.7079,0,2026-08-19 05:23:27
11532,371,App keeps crashing during checkout payment step!,Email Support,Product Quality,0.747,0,2026-09-11 20:58:27
11533,202,System latency is terrible after the latest update.,Call Center Note,App Crash,0.7688,0,2026-08-19 08:18:27
11534,409,"Great quality product, highly recommended!",Email Support,App Crash,0.2997,1,2026-08-20 11:51:27
11535,991,Love the new design update! Very smooth.,Twitter,Product Quality,0.1765,1,2026-09-09 15:16:27
11536,884,"Major outage across the platform, unable to log in.",Mobile App,App Crash,0.6096,0,2026-08-19 21:59:27
11537,859,Fast shipping and nice packaging.,Call Center Note,Product Quality,0.3727,1,2026-09-17 08:19:27
11538,445,Customer support resolved my billing issue in 5 minutes.,Twitter,App Crash,0.3927,1,2026-09-07 02:42:27
11539,503,Package arrived damaged and customer support is ignoring my emails.,Mobile App,Billing Defect,0.6344,0,2026-09-08 17:22:27
11540,698,Fast shipping and nice packaging.,Email Support,Billing Defect,0.1555,1,2026-09-14 11:10:27
11541,621,"Major outage across the platform, unable to log in.",Email Support,Billing Defect,0.8462,0,2026-09-06 16:48:27
11542,204,System latency is terrible after the latest update.,Email Support,General Praise,0.989,0,2026-09-16 14:27:27
11543,881,"Double charged on my credit card, fix this immediately!",Twitter,UI Ergonomics,0.8243,0,2026-09-02 18:34:27
11544,258,Customer support resolved my billing issue in 5 minutes.,Email Support,Product Quality,0.035,1,2026-09-15 09:07:27
11545,129,Fast shipping and nice packaging.,Call Center Note,General Praise,0.1384,1,2026-09-12 01:09:27
11546,687,Fast shipping and nice packaging.,Email Support,App Crash,0.3271,1,2026-09-06 15:02:27
11547,227,"Major outage across the platform, unable to log in.",Mobile App,UI Ergonomics,0.9515,0,2026-08-28 20:20:27
11548,465,"Great quality product, highly recommended!",Call Center Note,General Praise,0.3885,1,2026-09-14 19:11:27
11549,899,"Double charged on my credit card, fix this immediately!",Call Center Note,Shipping Delay,0.9678,0,2026-08-30 20:16:27
11550,138,"Double charged on my credit card, fix this immediately!",Web Review,Shipping Delay,0.9521,0,2026-09-01 20:51:27
11551,473,"Major outage across the platform, unable to log in.",Twitter,Product Quality,0.9621,0,2026-09-11 23:29:27
11552,487,"Great quality product, highly recommended!",Email Support,UI Ergonomics,0.3888,1,2026-09-10 10:45:27
11553,344,Fast shipping and nice packaging.,Web Review,General Praise,0.3774,1,2026-08-21 14:05:27
11554,753,Package arrived damaged and customer support is ignoring my emails.,Web Review,App Crash,0.8688,0,2026-09-11 17:11:27
11555,430,Love the new design update! Very smooth.,Mobile App,Product Quality,0.3296,1,2026-08-21 22:49:27
11556,566,"Major outage across the platform, unable to log in.",Call Center Note,App Crash,0.6429,0,2026-08-20 23:00:27
11557,632,Love the new design update! Very smooth.,Web Review,General Praise,0.2777,1,2026-09-14 09:54:27
11558,672,"Major outage across the platform, unable to log in.",Web Review,App Crash,0.8732,0,2026-08-23 03:31:27
11559,860,"Double charged on my credit card, fix this immediately!",Twitter,Billing Defect,0.8248,0,2026-08-31 05:06:27
11560,969,"Major outage across the platform, unable to log in.",Email Support,General Praise,0.7067,0,2026-09-07 16:08:27
11561,589,Fast shipping and nice packaging.,Web Review,Billing Defect,0.395,1,2026-09-02 22:12:27
11562,297,Fast shipping and nice packaging.,Call Center Note,UI Ergonomics,0.157,1,2026-09-09 22:57:27
11563,498,Love the new design update! Very smooth.,Email Support,Product Quality,0.3878,1,2026-08-31 06:13:27
11564,656,Fast shipping and nice packaging.,Mobile App,General Praise,0.3019,1,2026-08-23 22:39:27
11565,849,App keeps crashing during checkout payment step!,Email Support,Shipping Delay,0.7557,0,2026-09-13 15:14:27
11566,713,"Major outage across the platform, unable to log in.",Email Support,Shipping Delay,0.9799,0,2026-09-10 05:09:27
11567,871,Package arrived damaged and customer support is ignoring my emails.,Twitter,Billing Defect,0.7224,0,2026-09-15 18:53:27
11568,482,Love the new design update! Very smooth.,Mobile App,General Praise,0.2719,1,2026-08-28 14:32:27
11569,629,Customer support resolved my billing issue in 5 minutes.,Web Review,UI Ergonomics,0.1981,1,2026-09-02 07:56:27
11570,732,"Double charged on my credit card, fix this immediately!",Email Support,UI Ergonomics,0.6925,0,2026-08-27 18:52:27
11571,451,Love the new design update! Very smooth.,Web Review,UI Ergonomics,0.3613,1,2026-09-12 05:09:27
11572,714,Fast shipping and nice packaging.,Call Center Note,General Praise,0.3045,1,2026-08-26 01:59:27
11573,629,Love the new design update! Very smooth.,Twitter,General Praise,0.3468,1,2026-08-30 05:50:27
11574,608,System latency is terrible after the latest update.,Web Review,Product Quality,0.8135,0,2026-08-25 15:14:27
11575,102,App keeps crashing during checkout payment step!,Email Support,Billing Defect,0.8658,0,2026-08-25 09:21:27
11576,998,"Major outage across the platform, unable to log in.",Email Support,App Crash,0.7501,0,2026-09-12 18:16:27
11577,476,Customer support resolved my billing issue in 5 minutes.,Twitter,Shipping Delay,0.354,1,2026-09-17 00:52:27
11578,896,System latency is terrible after the latest update.,Mobile App,General Praise,0.6181,0,2026-08-29 08:05:27
11579,139,Fast shipping and nice packaging.,Email Support,Product Quality,0.3538,1,2026-08-25 23:28:27
11580,746,App keeps crashing during checkout payment step!,Email Support,Shipping Delay,0.9914,0,2026-08-20 06:50:27
11581,704,"Great quality product, highly recommended!",Web Review,UI Ergonomics,0.0654,1,2026-09-14 08:58:27
11582,946,Customer support resolved my billing issue in 5 minutes.,Email Support,Product Quality,0.127,1,2026-08-24 12:00:27
11583,459,"Major outage across the platform, unable to log in.",Web Review,Product Quality,0.877,0,2026-09-13 23:37:27
11584,211,Package arrived damaged and customer support is ignoring my emails.,Mobile App,Product Quality,0.7912,0,2026-08-28 10:55:27
11585,348,Love the new design update! Very smooth.,Mobile App,UI Ergonomics,0.3353,1,2026-09-09 10:02:27
11586,754,"Major outage across the platform, unable to log in.",Web Review,Product Quality,0.652,0,2026-08-24 10:03:27
11587,768,"Great quality product, highly recommended!",Call Center Note,Product Quality,0.2331,1,2026-09-14 04:41:27
11588,230,Fast shipping and nice packaging.,Twitter,General Praise,0.234,1,2026-09-10 03:02:27
11589,281,"Great quality product, highly recommended!",Call Center Note,General Praise,0.2915,1,2026-09-08 16:09:27
11590,937,Package arrived damaged and customer support is ignoring my emails.,Email Support,General Praise,0.6268,0,2026-08-27 04:07:27
11591,211,Fast shipping and nice packaging.,Call Center Note,Product Quality,0.337,1,2026-08-28 13:13:27
11592,413,"Double charged on my credit card, fix this immediately!",Web Review,Shipping Delay,0.8369,0,2026-08-21 17:06:27
11593,776,"Great quality product, highly recommended!",Mobile App,General Praise,0.3482,1,2026-08-18 11:22:27
11594,524,Love the new design update! Very smooth.,Twitter,Billing Defect,0.3143,1,2026-09-06 11:20:27
11595,436,Fast shipping and nice packaging.,Web Review,General Praise,0.2699,1,2026-08-29 09:48:27
11596,223,Love the new design update! Very smooth.,Call Center Note,Product Quality,0.1034,1,2026-08-29 22:25:27
11597,376,"Double charged on my credit card, fix this immediately!",Email Support,Billing Defect,0.6297,0,2026-09-05 22:07:27
11598,845,System latency is terrible after the latest update.,Email Support,App Crash,0.7989,0,2026-09-02 17:25:27
11599,607,Love the new design update! Very smooth.,Email Support,UI Ergonomics,0.264,1,2026-08-27 00:55:27
11600,230,"Double charged on my credit card, fix this immediately!",Call Center Note,Shipping Delay,0.7031,0,2026-08-23 22:43:27
11601,217,"Great quality product, highly recommended!",Mobile App,General Praise,0.2605,1,2026-08-18 18:11:27
11602,683,Customer support resolved my billing issue in 5 minutes.,Call Center Note,Billing Defect,0.1209,1,2026-09-16 00:46:27
11603,195,Customer support resolved my billing issue in 5 minutes.,Call Center Note,App Crash,0.1731,1,2026-09-04 16:59:27
11604,183,"Major outage across the platform, unable to log in.",Twitter,Shipping Delay,0.835,0,2026-08-20 06:48:27
11605,498,"Major outage across the platform, unable to log in.",Call Center Note,Shipping Delay,0.7162,0,2026-08-21 22:43:27
11606,391,"Major outage across the platform, unable to log in.",Mobile App,UI Ergonomics,0.8161,0,2026-09-10 18:24:27
11607,439,"Great quality product, highly recommended!",Web Review,Product Quality,0.2902,1,2026-09-05 20:19:27
11608,948,Fast shipping and nice packaging.,Web Review,UI Ergonomics,0.2489,1,2026-08-24 00:54:27
11609,310,"Major outage across the platform, unable to log in.",Twitter,Product Quality,0.8179,0,2026-08-21 06:44:27
11610,101,System latency is terrible after the latest update.,Email Support,Billing Defect,0.826,0,2026-09-11 07:38:27
11611,165,"Double charged on my credit card, fix this immediately!",Call Center Note,General Praise,0.8853,0,2026-08-22 11:19:27
11612,412,"Major outage across the platform, unable to log in.",Call Center Note,Shipping Delay,0.7913,0,2026-09-05 00:21:27
11613,638,System latency is terrible after the latest update.,Twitter,Shipping Delay,0.7395,0,2026-08-29 22:58:27
11614,225,Fast shipping and nice packaging.,Email Support,UI Ergonomics,0.0408,1,2026-08-25 08:38:27
11615,540,"Major outage across the platform, unable to log in.",Email Support,General Praise,0.6712,0,2026-09-03 11:16:27
11616,833,Customer support resolved my billing issue in 5 minutes.,Twitter,Shipping Delay,0.0722,1,2026-09-08 22:26:27
11617,167,Love the new design update! Very smooth.,Twitter,Billing Defect,0.35,1,2026-08-24 11:26:27
11618,329,App keeps crashing during checkout payment step!,Mobile App,General Praise,0.9921,0,2026-08-23 07:14:27
11619,852,Love the new design update! Very smooth.,Call Center Note,General Praise,0.0728,1,2026-08-23 20:09:27
11620,245,System latency is terrible after the latest update.,Web Review,Billing Defect,0.8175,0,2026-09-03 03:38:27
11621,386,Customer support resolved my billing issue in 5 minutes.,Call Center Note,App Crash,0.021,1,2026-08-24 21:13:27
11622,629,System latency is terrible after the latest update.,Twitter,App Crash,0.645,0,2026-09-08 21:01:27
11623,840,System latency is terrible after the latest update.,Web Review,Shipping Delay,0.6484,0,2026-08-18 21:08:27
11624,828,"Major outage across the platform, unable to log in.",Web Review,General Praise,0.7509,0,2026-08-21 13:03:27
11625,619,"Double charged on my credit card, fix this immediately!",Mobile App,App Crash,0.735,0,2026-09-17 03:22:27
11626,555,"Great quality product, highly recommended!",Call Center Note,UI Ergonomics,0.0072,1,2026-09-03 20:01:27
11627,147,"Major outage across the platform, unable to log in.",Twitter,App Crash,0.6044,0,2026-08-21 23:49:27
11628,658,System latency is terrible after the latest update.,Twitter,Product Quality,0.881,0,2026-09-05 05:34:27
11629,377,App keeps crashing during checkout payment step!,Mobile App,Shipping Delay,0.642,0,2026-08-20 14:50:27
11630,405,Customer support resolved my billing issue in 5 minutes.,Mobile App,Billing Defect,0.3699,1,2026-09-03 12:48:27
11631,374,App keeps crashing during checkout payment step!,Twitter,App Crash,0.9715,0,2026-09-06 15:46:27
11632,340,System latency is terrible after the latest update.,Email Support,UI Ergonomics,0.7098,0,2026-09-14 13:51:27
11633,814,"Double charged on my credit card, fix this immediately!",Mobile App,Billing Defect,0.74,0,2026-08-19 00:29:27
11634,568,"Great quality product, highly recommended!",Call Center Note,App Crash,0.3464,1,2026-09-12 17:15:27
11635,916,Love the new design update! Very smooth.,Web Review,App Crash,0.0758,1,2026-09-17 04:59:27
11636,892,Customer support resolved my billing issue in 5 minutes.,Call Center Note,Shipping Delay,0.2822,1,2026-09-05 07:37:27
11637,836,Package arrived damaged and customer support is ignoring my emails.,Mobile App,Shipping Delay,0.9287,0,2026-08-18 10:46:27
11638,379,Love the new design update! Very smooth.,Email Support,App Crash,0.3413,1,2026-08-20 09:21:27
11639,538,Fast shipping and nice packaging.,Mobile App,General Praise,0.0545,1,2026-09-07 22:24:27
11640,344,"Double charged on my credit card, fix this immediately!",Email Support,Shipping Delay,0.7103,0,2026-09-14 08:33:27
11641,205,"Double charged on my credit card, fix this immediately!",Mobile App,UI Ergonomics,0.9002,0,2026-09-16 03:22:27
11642,141,Package arrived damaged and customer support is ignoring my emails.,Web Review,Shipping Delay,0.6515,0,2026-09-14 11:01:27
11643,115,System latency is terrible after the latest update.,Web Review,UI Ergonomics,0.6343,0,2026-09-03 02:39:27
11644,142,"Double charged on my credit card, fix this immediately!",Call Center Note,Billing Defect,0.8399,0,2026-08-19 19:28:27
11645,828,Fast shipping and nice packaging.,Call Center Note,Product Quality,0.3897,1,2026-08-30 13:33:27
11646,369,Fast shipping and nice packaging.,Mobile App,App Crash,0.0049,1,2026-08-21 16:02:27
11647,740,"Double charged on my credit card, fix this immediately!",Web Review,App Crash,0.6709,0,2026-08-24 14:07:27
11648,270,"Great quality product, highly recommended!",Email Support,Shipping Delay,0.2766,1,2026-09-03 04:01:27
11649,625,Package arrived damaged and customer support is ignoring my emails.,Email Support,App Crash,0.9973,0,2026-08-25 12:47:27
11650,943,"Great quality product, highly recommended!",Call Center Note,Shipping Delay,0.0567,1,2026-09-10 06:56:27
11651,855,Love the new design update! Very smooth.,Web Review,Shipping Delay,0.2946,1,2026-08-30 10:59:27
11652,798,"Great quality product, highly recommended!",Twitter,Billing Defect,0.1093,1,2026-09-12 05:56:27
11653,279,"Great quality product, highly recommended!",Mobile App,Product Quality,0.3399,1,2026-08-25 02:08:27
11654,374,System latency is terrible after the latest update.,Call Center Note,App Crash,0.9864,0,2026-08-26 04:57:27
11655,156,"Double charged on my credit card, fix this immediately!",Web Review,General Praise,0.7692,0,2026-09-16 00:47:27
11656,594,"Major outage across the platform, unable to log in.",Twitter,Product Quality,0.606,0,2026-09-14 01:25:27
11657,493,Love the new design update! Very smooth.,Mobile App,Billing Defect,0.0276,1,2026-09-05 22:43:27
11658,389,Fast shipping and nice packaging.,Web Review,Billing Defect,0.0318,1,2026-08-28 05:46:27
11659,490,"Double charged on my credit card, fix this immediately!",Email Support,UI Ergonomics,0.9732,0,2026-09-05 15:51:27
11660,440,System latency is terrible after the latest update.,Web Review,General Praise,0.8096,0,2026-09-16 22:04:27
11661,482,Package arrived damaged and customer support is ignoring my emails.,Email Support,Shipping Delay,0.649,0,2026-08-22 10:16:27
11662,458,Love the new design update! Very smooth.,Call Center Note,UI Ergonomics,0.3514,1,2026-09-16 01:27:27
11663,404,Love the new design update! Very smooth.,Mobile App,General Praise,0.261,1,2026-09-15 11:12:27
11664,196,"Double charged on my credit card, fix this immediately!",Web Review,Product Quality,0.6336,0,2026-09-04 04:26:27
11665,258,App keeps crashing during checkout payment step!,Web Review,App Crash,0.6539,0,2026-09-02 05:24:27
11666,162,"Major outage across the platform, unable to log in.",Call Center Note,Billing Defect,0.9441,0,2026-08-25 20:01:27
11667,897,Fast shipping and nice packaging.,Email Support,UI Ergonomics,0.2492,1,2026-09-15 06:24:27
11668,131,Love the new design update! Very smooth.,Web Review,Product Quality,0.3328,1,2026-08-26 23:22:27
11669,997,Fast shipping and nice packaging.,Mobile App,App Crash,0.3052,1,2026-08-22 19:02:27
11670,658,"Great quality product, highly recommended!",Twitter,General Praise,0.3271,1,2026-09-03 03:09:27
11671,154,Fast shipping and nice packaging.,Twitter,UI Ergonomics,0.0472,1,2026-09-04 12:40:27
11672,629,System latency is terrible after the latest update.,Twitter,General Praise,0.6428,0,2026-08-18 22:50:27
11673,721,Customer support resolved my billing issue in 5 minutes.,Call Center Note,App Crash,0.2502,1,2026-09-08 03:25:27
11674,841,Fast shipping and nice packaging.,Email Support,General Praise,0.378,1,2026-08-26 03:36:27
11675,911,App keeps crashing during checkout payment step!,Mobile App,UI Ergonomics,0.8024,0,2026-09-12 23:03:27
11676,849,Fast shipping and nice packaging.,Email Support,Shipping Delay,0.2866,1,2026-08-23 21:37:27
11677,505,Package arrived damaged and customer support is ignoring my emails.,Call Center Note,Shipping Delay,0.9419,0,2026-08-31 13:10:27
11678,417,Fast shipping and nice packaging.,Twitter,Shipping Delay,0.2018,1,2026-08-24 23:20:27
11679,500,"Major outage across the platform, unable to log in.",Call Center Note,UI Ergonomics,0.8653,0,2026-09-01 07:56:27
11680,330,System latency is terrible after the latest update.,Mobile App,Billing Defect,0.8934,0,2026-09-05 17:57:27
11681,714,Love the new design update! Very smooth.,Mobile App,Product Quality,0.004,1,2026-08-30 05:28:27
11682,530,Package arrived damaged and customer support is ignoring my emails.,Email Support,Billing Defect,0.6372,0,2026-08-27 06:34:27
11683,422,"Great quality product, highly recommended!",Web Review,General Praise,0.3895,1,2026-09-11 12:27:27
11684,255,"Great quality product, highly recommended!",Mobile App,UI Ergonomics,0.2121,1,2026-09-05 08:07:27
11685,273,Fast shipping and nice packaging.,Twitter,General Praise,0.2773,1,2026-09-14 14:45:27
11686,752,Customer support resolved my billing issue in 5 minutes.,Email Support,Billing Defect,0.3118,1,2026-09-12 16:21:27
11687,480,Customer support resolved my billing issue in 5 minutes.,Call Center Note,Product Quality,0.2461,1,2026-09-02 00:45:27
11688,637,Fast shipping and nice packaging.,Mobile App,App Crash,0.343,1,2026-08-23 22:58:27
11689,813,Love the new design update! Very smooth.,Web Review,UI Ergonomics,0.3696,1,2026-09-05 22:27:27
11690,149,System latency is terrible after the latest update.,Mobile App,Shipping Delay,0.7291,0,2026-09-09 14:13:27
11691,342,"Major outage across the platform, unable to log in.",Twitter,Billing Defect,0.8474,0,2026-08-29 06:25:27
11692,580,Love the new design update! Very smooth.,Email Support,Billing Defect,0.123,1,2026-08-25 10:37:27
11693,881,Fast shipping and nice packaging.,Web Review,General Praise,0.1229,1,2026-08-18 15:59:27
11694,361,Love the new design update! Very smooth.,Mobile App,General Praise,0.1032,1,2026-09-09 03:09:27
11695,894,Love the new design update! Very smooth.,Mobile App,General Praise,0.1472,1,2026-08-24 17:57:27
11696,972,Customer support resolved my billing issue in 5 minutes.,Email Support,Billing Defect,0.2574,1,2026-09-11 04:59:27
11697,998,Package arrived damaged and customer support is ignoring my emails.,Web Review,UI Ergonomics,0.8721,0,2026-09-14 14:49:27
11698,676,Love the new design update! Very smooth.,Twitter,UI Ergonomics,0.0585,1,2026-09-06 06:46:27
11699,717,"Great quality product, highly recommended!",Call Center Note,Shipping Delay,0.1819,1,2026-08-20 21:03:27
11700,809,Package arrived damaged and customer support is ignoring my emails.,Email Support,Shipping Delay,0.9597,0,2026-08-25 17:44:27
11701,727,System latency is terrible after the latest update.,Web Review,App Crash,0.8202,0,2026-08-23 12:58:27
11702,743,App keeps crashing during checkout payment step!,Email Support,App Crash,0.611,0,2026-08-24 22:48:27
11703,431,Love the new design update! Very smooth.,Mobile App,App Crash,0.1653,1,2026-08-19 23:53:27
11704,297,Customer support resolved my billing issue in 5 minutes.,Web Review,UI Ergonomics,0.2828,1,2026-09-02 16:57:27
11705,164,Love the new design update! Very smooth.,Mobile App,Shipping Delay,0.0625,1,2026-09-12 15:35:27
11706,839,"Double charged on my credit card, fix this immediately!",Call Center Note,Billing Defect,0.7479,0,2026-09-13 21:58:27
11707,746,Fast shipping and nice packaging.,Email Support,General Praise,0.2655,1,2026-08-31 12:17:27
11708,334,App keeps crashing during checkout payment step!,Twitter,UI Ergonomics,0.6627,0,2026-09-15 00:25:27
11709,936,Customer support resolved my billing issue in 5 minutes.,Mobile App,General Praise,0.0245,1,2026-09-13 00:01:27
11710,664,Customer support resolved my billing issue in 5 minutes.,Web Review,Shipping Delay,0.2238,1,2026-08-31 21:49:27
11711,417,Customer support resolved my billing issue in 5 minutes.,Twitter,UI Ergonomics,0.2061,1,2026-08-25 22:40:27
11712,381,"Great quality product, highly recommended!",Mobile App,UI Ergonomics,0.3472,1,2026-09-08 22:55:27
11713,523,Love the new design update! Very smooth.,Twitter,Shipping Delay,0.0778,1,2026-09-06 22:07:27
11714,959,"Great quality product, highly recommended!",Web Review,General Praise,0.3744,1,2026-08-27 15:14:27
11715,748,Fast shipping and nice packaging.,Call Center Note,App Crash,0.281,1,2026-08-21 21:12:27
11716,782,System latency is terrible after the latest update.,Mobile App,Product Quality,0.944,0,2026-09-10 04:29:27
11717,791,Customer support resolved my billing issue in 5 minutes.,Call Center Note,UI Ergonomics,0.0999,1,2026-09-06 17:46:27
11718,524,App keeps crashing during checkout payment step!,Call Center Note,UI Ergonomics,0.6383,0,2026-09-14 04:20:27
11719,537,"Great quality product, highly recommended!",Twitter,UI Ergonomics,0.1314,1,2026-09-13 15:51:27
11720,726,"Great quality product, highly recommended!",Web Review,Billing Defect,0.1986,1,2026-08-20 07:57:27
11721,690,"Major outage across the platform, unable to log in.",Mobile App,Billing Defect,0.6522,0,2026-09-10 23:44:27
11722,681,Package arrived damaged and customer support is ignoring my emails.,Twitter,General Praise,0.7136,0,2026-09-04 12:10:27
11723,347,App keeps crashing during checkout payment step!,Email Support,Product Quality,0.7403,0,2026-08-26 01:30:27
11724,934,"Great quality product, highly recommended!",Mobile App,General Praise,0.1834,1,2026-09-08 20:53:27
11725,943,Customer support resolved my billing issue in 5 minutes.,Email Support,General Praise,0.273,1,2026-09-11 05:52:27
11726,264,App keeps crashing during checkout payment step!,Web Review,UI Ergonomics,0.7728,0,2026-09-03 01:19:27
11727,144,"Great quality product, highly recommended!",Web Review,UI Ergonomics,0.1391,1,2026-09-01 16:56:27
11728,173,Fast shipping and nice packaging.,Call Center Note,UI Ergonomics,0.0881,1,2026-08-19 03:25:27
11729,816,Fast shipping and nice packaging.,Twitter,Product Quality,0.3251,1,2026-09-05 17:08:27
11730,840,"Major outage across the platform, unable to log in.",Call Center Note,Shipping Delay,0.9597,0,2026-09-06 17:22:27
11731,486,"Major outage across the platform, unable to log in.",Call Center Note,Shipping Delay,0.7975,0,2026-09-13 04:23:27
11732,676,Customer support resolved my billing issue in 5 minutes.,Web Review,General Praise,0.2569,1,2026-08-30 21:31:27
11733,490,App keeps crashing during checkout payment step!,Mobile App,Shipping Delay,0.9795,0,2026-09-10 06:27:27
11734,682,Love the new design update! Very smooth.,Mobile App,General Praise,0.2092,1,2026-09-07 09:51:27
11735,243,"Great quality product, highly recommended!",Email Support,UI Ergonomics,0.0514,1,2026-08-31 04:51:27
11736,592,"Great quality product, highly recommended!",Call Center Note,General Praise,0.1241,1,2026-09-04 22:51:27
11737,868,"Great quality product, highly recommended!",Call Center Note,General Praise,0.3336,1,2026-08-29 23:10:27
11738,335,"Great quality product, highly recommended!",Mobile App,Shipping Delay,0.0142,1,2026-09-05 13:21:27
11739,557,"Great quality product, highly recommended!",Call Center Note,UI Ergonomics,0.3361,1,2026-08-24 02:02:27
11740,692,"Double charged on my credit card, fix this immediately!",Twitter,Shipping Delay,0.742,0,2026-08-31 02:00:27
11741,838,"Great quality product, highly recommended!",Mobile App,General Praise,0.3306,1,2026-09-12 05:57:27
11742,528,Customer support resolved my billing issue in 5 minutes.,Twitter,Billing Defect,0.3502,1,2026-08-30 02:07:27
11743,882,System latency is terrible after the latest update.,Email Support,General Praise,0.7807,0,2026-09-05 13:14:27
11744,211,Customer support resolved my billing issue in 5 minutes.,Email Support,App Crash,0.2468,1,2026-08-18 18:17:27
11745,782,"Major outage across the platform, unable to log in.",Email Support,Product Quality,0.6878,0,2026-09-04 16:52:27
11746,717,Fast shipping and nice packaging.,Web Review,Billing Defect,0.3105,1,2026-08-29 15:05:27
11747,693,"Double charged on my credit card, fix this immediately!",Twitter,App Crash,0.6149,0,2026-08-23 00:30:27
11748,483,Fast shipping and nice packaging.,Call Center Note,Billing Defect,0.2072,1,2026-08-25 16:27:27
11749,881,"Great quality product, highly recommended!",Email Support,General Praise,0.3974,1,2026-09-02 06:00:27
11750,779,"Great quality product, highly recommended!",Twitter,App Crash,0.151,1,2026-09-12 15:24:27
11751,202,Fast shipping and nice packaging.,Email Support,Billing Defect,0.0664,1,2026-09-12 18:12:27
11752,889,Customer support resolved my billing issue in 5 minutes.,Mobile App,Product Quality,0.1954,1,2026-08-23 22:37:27
11753,754,"Major outage across the platform, unable to log in.",Mobile App,App Crash,0.6987,0,2026-09-09 07:06:27
11754,520,Love the new design update! Very smooth.,Call Center Note,General Praise,0.209,1,2026-09-15 06:51:27
11755,878,"Major outage across the platform, unable to log in.",Email Support,Billing Defect,0.6948,0,2026-09-03 08:50:27
11756,708,Package arrived damaged and customer support is ignoring my emails.,Call Center Note,General Praise,0.9997,0,2026-09-17 00:15:27
11757,965,Customer support resolved my billing issue in 5 minutes.,Mobile App,Billing Defect,0.1924,1,2026-09-11 00:35:27
11758,224,"Great quality product, highly recommended!",Call Center Note,Billing Defect,0.1071,1,2026-09-15 01:10:27
11759,830,Love the new design update! Very smooth.,Call Center Note,Product Quality,0.3361,1,2026-08-25 08:48:27
11760,486,Fast shipping and nice packaging.,Web Review,UI Ergonomics,0.1688,1,2026-08-19 22:12:27
11761,383,Love the new design update! Very smooth.,Call Center Note,UI Ergonomics,0.2402,1,2026-08-28 20:43:27
11762,384,Love the new design update! Very smooth.,Mobile App,Billing Defect,0.139,1,2026-09-13 11:53:27
11763,844,Customer support resolved my billing issue in 5 minutes.,Email Support,App Crash,0.3906,1,2026-09-09 01:53:27
11764,691,App keeps crashing during checkout payment step!,Web Review,Product Quality,0.9396,0,2026-08-23 17:29:27
11765,141,Package arrived damaged and customer support is ignoring my emails.,Email Support,General Praise,0.9936,0,2026-08-23 23:45:27
11766,984,"Great quality product, highly recommended!",Web Review,UI Ergonomics,0.0321,1,2026-09-07 05:05:27
11767,442,Package arrived damaged and customer support is ignoring my emails.,Mobile App,Product Quality,0.915,0,2026-08-24 05:07:27
11768,551,Love the new design update! Very smooth.,Mobile App,App Crash,0.2722,1,2026-08-25 17:22:27
11769,528,Customer support resolved my billing issue in 5 minutes.,Web Review,Shipping Delay,0.1142,1,2026-08-18 18:05:27
11770,834,"Major outage across the platform, unable to log in.",Call Center Note,UI Ergonomics,0.7357,0,2026-09-12 08:31:27
11771,691,"Major outage across the platform, unable to log in.",Mobile App,Shipping Delay,0.9859,0,2026-08-27 09:08:27
11772,616,Fast shipping and nice packaging.,Email Support,General Praise,0.3231,1,2026-08-26 00:19:27
11773,809,"Major outage across the platform, unable to log in.",Email Support,Billing Defect,0.9313,0,2026-09-01 16:45:27
11774,248,Package arrived damaged and customer support is ignoring my emails.,Call Center Note,UI Ergonomics,0.6267,0,2026-08-24 10:31:27
11775,998,Package arrived damaged and customer support is ignoring my emails.,Email Support,Billing Defect,0.9439,0,2026-09-01 02:56:27
11776,389,Customer support resolved my billing issue in 5 minutes.,Call Center Note,General Praise,0.0678,1,2026-09-07 03:54:27
11777,641,"Double charged on my credit card, fix this immediately!",Email Support,Shipping Delay,0.8844,0,2026-09-15 05:07:27
11778,838,"Double charged on my credit card, fix this immediately!",Call Center Note,General Praise,0.9595,0,2026-09-01 07:45:27
11779,669,"Great quality product, highly recommended!",Twitter,Billing Defect,0.1245,1,2026-08-28 14:23:27
11780,251,"Great quality product, highly recommended!",Email Support,UI Ergonomics,0.1249,1,2026-08-28 22:51:27
11781,837,Love the new design update! Very smooth.,Email Support,App Crash,0.0118,1,2026-08-31 14:15:27
11782,571,"Great quality product, highly recommended!",Call Center Note,Billing Defect,0.3935,1,2026-08-31 19:50:27
11783,285,Customer support resolved my billing issue in 5 minutes.,Email Support,Product Quality,0.0341,1,2026-09-17 03:05:27
11784,658,Customer support resolved my billing issue in 5 minutes.,Twitter,Shipping Delay,0.2421,1,2026-08-22 02:24:27
11785,794,"Great quality product, highly recommended!",Web Review,Product Quality,0.2582,1,2026-08-25 05:23:27
11786,859,Love the new design update! Very smooth.,Web Review,UI Ergonomics,0.0191,1,2026-09-06 08:26:27
11787,407,Fast shipping and nice packaging.,Email Support,Billing Defect,0.2376,1,2026-08-26 14:10:27
11788,930,Customer support resolved my billing issue in 5 minutes.,Mobile App,Shipping Delay,0.2219,1,2026-09-06 09:31:27
11789,232,"Major outage across the platform, unable to log in.",Call Center Note,Product Quality,0.809,0,2026-09-11 13:05:27
11790,416,Love the new design update! Very smooth.,Mobile App,UI Ergonomics,0.0689,1,2026-08-21 04:19:27
11791,875,"Major outage across the platform, unable to log in.",Twitter,Billing Defect,0.7144,0,2026-09-05 04:16:27
11792,766,Love the new design update! Very smooth.,Web Review,Shipping Delay,0.0242,1,2026-08-29 07:53:27
11793,399,Fast shipping and nice packaging.,Call Center Note,App Crash,0.3694,1,2026-08-23 21:00:27
11794,626,Love the new design update! Very smooth.,Mobile App,App Crash,0.3593,1,2026-09-06 16:09:27
11795,281,App keeps crashing during checkout payment step!,Call Center Note,Billing Defect,0.9412,0,2026-09-12 07:56:27
11796,518,Customer support resolved my billing issue in 5 minutes.,Call Center Note,Shipping Delay,0.1161,1,2026-09-14 17:00:27
11797,610,"Double charged on my credit card, fix this immediately!",Web Review,App Crash,0.8955,0,2026-08-23 04:17:27
11798,336,"Great quality product, highly recommended!",Twitter,UI Ergonomics,0.0109,1,2026-09-14 21:06:27
11799,332,"Great quality product, highly recommended!",Mobile App,UI Ergonomics,0.3351,1,2026-08-21 04:23:27
11800,484,Love the new design update! Very smooth.,Twitter,General Praise,0.2434,1,2026-09-04 01:05:27
11801,966,"Great quality product, highly recommended!",Email Support,Product Quality,0.3553,1,2026-09-10 08:29:27
11802,405,App keeps crashing during checkout payment step!,Web Review,UI Ergonomics,0.9868,0,2026-08-25 10:37:27
11803,526,"Great quality product, highly recommended!",Mobile App,UI Ergonomics,0.3217,1,2026-08-31 16:35:27
11804,906,"Great quality product, highly recommended!",Call Center Note,App Crash,0.0916,1,2026-09-09 16:23:27
11805,973,Customer support resolved my billing issue in 5 minutes.,Call Center Note,Product Quality,0.0058,1,2026-09-02 01:50:27
11806,578,Customer support resolved my billing issue in 5 minutes.,Web Review,General Praise,0.16,1,2026-08-30 10:13:27
11807,236,Love the new design update! Very smooth.,Call Center Note,App Crash,0.2039,1,2026-08-24 04:55:27
11808,653,Love the new design update! Very smooth.,Twitter,Billing Defect,0.3613,1,2026-09-12 09:01:27
11809,901,"Great quality product, highly recommended!",Web Review,Shipping Delay,0.2003,1,2026-09-01 21:07:27
11810,781,"Major outage across the platform, unable to log in.",Email Support,UI Ergonomics,0.8035,0,2026-08-26 18:25:27
11811,436,Package arrived damaged and customer support is ignoring my emails.,Call Center Note,Product Quality,0.6481,0,2026-09-13 09:35:27
11812,574,Package arrived damaged and customer support is ignoring my emails.,Web Review,Product Quality,0.6471,0,2026-09-13 03:56:27
11813,519,"Major outage across the platform, unable to log in.",Mobile App,Shipping Delay,0.8077,0,2026-09-11 15:03:27
11814,281,Customer support resolved my billing issue in 5 minutes.,Call Center Note,Product Quality,0.2249,1,2026-08-29 10:26:27
11815,787,Customer support resolved my billing issue in 5 minutes.,Mobile App,General Praise,0.3828,1,2026-08-18 15:01:27
11816,370,"Great quality product, highly recommended!",Twitter,Product Quality,0.055,1,2026-09-14 17:37:27
11817,288,Fast shipping and nice packaging.,Twitter,Shipping Delay,0.069,1,2026-09-09 07:50:27
11818,272,App keeps crashing during checkout payment step!,Mobile App,General Praise,0.6654,0,2026-09-10 13:16:27
11819,576,"Great quality product, highly recommended!",Email Support,Billing Defect,0.0522,1,2026-08-27 07:52:27
11820,766,App keeps crashing during checkout payment step!,Twitter,Billing Defect,0.8446,0,2026-08-23 23:01:27
11821,700,"Major outage across the platform, unable to log in.",Email Support,UI Ergonomics,0.6183,0,2026-08-27 06:14:27
11822,802,Customer support resolved my billing issue in 5 minutes.,Web Review,App Crash,0.3759,1,2026-08-22 18:43:27
11823,180,"Great quality product, highly recommended!",Twitter,Product Quality,0.3166,1,2026-09-06 20:46:27
11824,634,Customer support resolved my billing issue in 5 minutes.,Web Review,Billing Defect,0.3806,1,2026-09-15 06:02:27
11825,627,Customer support resolved my billing issue in 5 minutes.,Call Center Note,Shipping Delay,0.1385,1,2026-08-30 04:56:27
11826,744,Customer support resolved my billing issue in 5 minutes.,Call Center Note,App Crash,0.3055,1,2026-08-26 02:02:27
11827,777,Customer support resolved my billing issue in 5 minutes.,Web Review,Billing Defect,0.0074,1,2026-08-22 20:02:27
11828,501,"Great quality product, highly recommended!",Web Review,General Praise,0.0496,1,2026-08-20 01:52:27
11829,655,"Major outage across the platform, unable to log in.",Email Support,General Praise,0.9139,0,2026-09-06 22:13:27
11830,624,System latency is terrible after the latest update.,Email Support,App Crash,0.9412,0,2026-08-23 02:00:27
11831,413,Package arrived damaged and customer support is ignoring my emails.,Twitter,General Praise,0.8523,0,2026-09-01 03:22:27
11832,340,"Double charged on my credit card, fix this immediately!",Call Center Note,App Crash,0.8654,0,2026-09-06 18:26:27
11833,743,Fast shipping and nice packaging.,Mobile App,UI Ergonomics,0.0379,1,2026-08-22 05:45:27
11834,163,"Great quality product, highly recommended!",Twitter,Product Quality,0.0265,1,2026-08-23 10:32:27
11835,335,Fast shipping and nice packaging.,Twitter,Billing Defect,0.2343,1,2026-09-04 20:50:27
11836,630,App keeps crashing during checkout payment step!,Email Support,UI Ergonomics,0.7085,0,2026-09-13 08:40:27
11837,468,"Double charged on my credit card, fix this immediately!",Web Review,UI Ergonomics,0.8616,0,2026-09-04 05:03:27
11838,590,Love the new design update! Very smooth.,Mobile App,Product Quality,0.1883,1,2026-08-26 10:28:27
11839,423,App keeps crashing during checkout payment step!,Mobile App,Shipping Delay,0.9777,0,2026-08-21 08:27:27
11840,552,App keeps crashing during checkout payment step!,Email Support,Billing Defect,0.6683,0,2026-08-26 04:43:27
11841,357,System latency is terrible after the latest update.,Mobile App,General Praise,0.6448,0,2026-08-29 03:57:27
11842,242,"Great quality product, highly recommended!",Email Support,Shipping Delay,0.2144,1,2026-09-11 18:53:27
11843,706,Love the new design update! Very smooth.,Email Support,Product Quality,0.1479,1,2026-09-02 07:18:27
11844,155,Love the new design update! Very smooth.,Twitter,Product Quality,0.0234,1,2026-09-13 03:56:27
11845,911,Customer support resolved my billing issue in 5 minutes.,Email Support,Shipping Delay,0.3323,1,2026-09-10 20:01:27
11846,947,Package arrived damaged and customer support is ignoring my emails.,Web Review,General Praise,0.7277,0,2026-08-27 17:53:27
11847,841,Package arrived damaged and customer support is ignoring my emails.,Twitter,Shipping Delay,0.7117,0,2026-09-12 21:56:27
11848,532,Love the new design update! Very smooth.,Twitter,UI Ergonomics,0.212,1,2026-08-30 03:56:27
11849,709,Love the new design update! Very smooth.,Call Center Note,App Crash,0.0822,1,2026-09-13 06:25:27
11850,542,"Major outage across the platform, unable to log in.",Email Support,Billing Defect,0.8758,0,2026-08-25 07:06:27
11851,892,"Major outage across the platform, unable to log in.",Twitter,Shipping Delay,0.953,0,2026-08-29 07:25:27
11852,277,Love the new design update! Very smooth.,Twitter,Billing Defect,0.2484,1,2026-08-29 00:04:27
11853,744,Love the new design update! Very smooth.,Mobile App,UI Ergonomics,0.3895,1,2026-09-15 15:55:27
11854,401,Love the new design update! Very smooth.,Call Center Note,App Crash,0.2471,1,2026-08-20 12:08:27
11855,328,Love the new design update! Very smooth.,Mobile App,Billing Defect,0.1338,1,2026-09-09 22:09:27
11856,741,"Major outage across the platform, unable to log in.",Call Center Note,Product Quality,0.6226,0,2026-09-01 03:09:27
11857,866,Love the new design update! Very smooth.,Call Center Note,General Praise,0.2125,1,2026-09-17 02:26:27
11858,941,"Great quality product, highly recommended!",Twitter,Shipping Delay,0.075,1,2026-09-10 16:30:27
11859,889,Customer support resolved my billing issue in 5 minutes.,Call Center Note,UI Ergonomics,0.3863,1,2026-09-09 05:37:27
11860,555,"Double charged on my credit card, fix this immediately!",Mobile App,UI Ergonomics,0.8206,0,2026-09-13 13:02:27
11861,360,"Great quality product, highly recommended!",Web Review,Billing Defect,0.3645,1,2026-08-24 23:14:27
11862,857,System latency is terrible after the latest update.,Call Center Note,App Crash,0.7176,0,2026-09-16 20:56:27
11863,791,Love the new design update! Very smooth.,Email Support,Shipping Delay,0.027,1,2026-09-08 19:21:27
11864,580,"Major outage across the platform, unable to log in.",Twitter,App Crash,0.6496,0,2026-09-12 17:42:27
11865,104,Package arrived damaged and customer support is ignoring my emails.,Email Support,UI Ergonomics,0.9659,0,2026-08-21 23:35:27
11866,509,Fast shipping and nice packaging.,Mobile App,Shipping Delay,0.3856,1,2026-08-25 02:45:27
11867,699,Love the new design update! Very smooth.,Twitter,Product Quality,0.0792,1,2026-08-31 12:24:27
11868,884,Love the new design update! Very smooth.,Email Support,UI Ergonomics,0.2272,1,2026-09-09 03:48:27
11869,789,"Great quality product, highly recommended!",Email Support,UI Ergonomics,0.1346,1,2026-09-04 19:55:27
11870,605,Fast shipping and nice packaging.,Email Support,Shipping Delay,0.1344,1,2026-09-03 01:08:27
11871,343,System latency is terrible after the latest update.,Twitter,Shipping Delay,0.7521,0,2026-08-28 12:27:27
11872,415,Customer support resolved my billing issue in 5 minutes.,Web Review,General Praise,0.0373,1,2026-09-16 10:57:27
11873,313,Fast shipping and nice packaging.,Email Support,Product Quality,0.072,1,2026-09-10 04:36:27
11874,544,"Great quality product, highly recommended!",Mobile App,Product Quality,0.0766,1,2026-09-12 23:01:27
11875,858,Fast shipping and nice packaging.,Email Support,App Crash,0.2526,1,2026-08-21 20:01:27
11876,262,Fast shipping and nice packaging.,Web Review,General Praise,0.165,1,2026-08-24 05:07:27
11877,953,"Double charged on my credit card, fix this immediately!",Call Center Note,General Praise,0.6809,0,2026-09-14 03:43:27
11878,498,"Major outage across the platform, unable to log in.",Mobile App,Billing Defect,0.7302,0,2026-08-28 23:24:27
11879,320,"Double charged on my credit card, fix this immediately!",Twitter,Shipping Delay,0.9211,0,2026-08-26 23:44:27
11880,751,"Major outage across the platform, unable to log in.",Mobile App,Billing Defect,0.6792,0,2026-09-10 23:47:27
11881,413,"Great quality product, highly recommended!",Twitter,App Crash,0.234,1,2026-08-27 09:17:27
11882,944,Love the new design update! Very smooth.,Twitter,Shipping Delay,0.1389,1,2026-09-05 18:57:27
11883,207,Package arrived damaged and customer support is ignoring my emails.,Email Support,Shipping Delay,0.8016,0,2026-08-27 10:51:27
11884,507,"Major outage across the platform, unable to log in.",Twitter,Product Quality,0.8206,0,2026-08-31 22:17:27
11885,444,Customer support resolved my billing issue in 5 minutes.,Call Center Note,General Praise,0.0232,1,2026-09-04 22:41:27
11886,416,Love the new design update! Very smooth.,Call Center Note,General Praise,0.2881,1,2026-09-01 12:09:27
11887,845,Customer support resolved my billing issue in 5 minutes.,Email Support,General Praise,0.3493,1,2026-08-21 18:04:27
11888,183,Customer support resolved my billing issue in 5 minutes.,Email Support,Shipping Delay,0.0385,1,2026-09-14 19:38:27
11889,522,Customer support resolved my billing issue in 5 minutes.,Mobile App,Product Quality,0.3249,1,2026-09-03 12:45:27
11890,613,Love the new design update! Very smooth.,Web Review,App Crash,0.0923,1,2026-08-22 04:29:27
11891,119,App keeps crashing during checkout payment step!,Email Support,General Praise,0.9135,0,2026-09-07 21:31:27
11892,735,"Double charged on my credit card, fix this immediately!",Web Review,General Praise,0.7066,0,2026-08-21 06:58:27
11893,118,Customer support resolved my billing issue in 5 minutes.,Mobile App,UI Ergonomics,0.3208,1,2026-08-29 15:42:27
11894,255,"Major outage across the platform, unable to log in.",Mobile App,UI Ergonomics,0.7351,0,2026-09-05 20:57:27
11895,168,Fast shipping and nice packaging.,Twitter,UI Ergonomics,0.2684,1,2026-09-06 12:42:27
11896,459,System latency is terrible after the latest update.,Twitter,UI Ergonomics,0.9686,0,2026-09-16 00:36:27
11897,467,Fast shipping and nice packaging.,Mobile App,App Crash,0.3482,1,2026-09-05 00:17:27
11898,369,Package arrived damaged and customer support is ignoring my emails.,Call Center Note,App Crash,0.9892,0,2026-08-27 07:52:27
11899,307,Customer support resolved my billing issue in 5 minutes.,Web Review,App Crash,0.3352,1,2026-08-21 18:08:27
11900,830,"Major outage across the platform, unable to log in.",Call Center Note,Product Quality,0.799,0,2026-09-05 17:03:27
11901,956,Love the new design update! Very smooth.,Web Review,Shipping Delay,0.1514,1,2026-08-27 01:55:27
11902,566,"Great quality product, highly recommended!",Web Review,Product Quality,0.15,1,2026-08-18 23:02:27
11903,471,Customer support resolved my billing issue in 5 minutes.,Web Review,Shipping Delay,0.3439,1,2026-08-26 10:44:27
11904,210,Love the new design update! Very smooth.,Email Support,App Crash,0.139,1,2026-09-17 09:06:27
11905,452,Love the new design update! Very smooth.,Mobile App,Product Quality,0.1756,1,2026-08-27 16:43:27
11906,931,Customer support resolved my billing issue in 5 minutes.,Twitter,Shipping Delay,0.1948,1,2026-09-11 22:31:27
11907,295,System latency is terrible after the latest update.,Mobile App,App Crash,0.674,0,2026-08-22 01:20:27
11908,161,"Great quality product, highly recommended!",Call Center Note,Shipping Delay,0.1001,1,2026-09-04 09:56:27
11909,449,Love the new design update! Very smooth.,Twitter,Product Quality,0.3935,1,2026-09-08 03:42:27
11910,950,Fast shipping and nice packaging.,Web Review,UI Ergonomics,0.1049,1,2026-08-24 02:31:27
11911,411,System latency is terrible after the latest update.,Web Review,Billing Defect,0.8432,0,2026-09-05 18:15:27
11912,208,System latency is terrible after the latest update.,Email Support,Shipping Delay,0.8181,0,2026-08-19 00:36:27
11913,607,Customer support resolved my billing issue in 5 minutes.,Twitter,Shipping Delay,0.2942,1,2026-09-16 21:01:27
11914,642,Love the new design update! Very smooth.,Twitter,Billing Defect,0.336,1,2026-08-22 16:29:27
11915,908,System latency is terrible after the latest update.,Web Review,Product Quality,0.6007,0,2026-08-19 23:49:27
11916,181,Package arrived damaged and customer support is ignoring my emails.,Call Center Note,UI Ergonomics,0.9459,0,2026-09-11 21:26:27
11917,172,Fast shipping and nice packaging.,Mobile App,Product Quality,0.2438,1,2026-08-26 14:23:27
11918,292,Fast shipping and nice packaging.,Web Review,Product Quality,0.1436,1,2026-09-14 20:43:27
11919,186,"Great quality product, highly recommended!",Call Center Note,App Crash,0.2482,1,2026-08-26 05:40:27
11920,497,Fast shipping and nice packaging.,Call Center Note,General Praise,0.1787,1,2026-09-06 21:59:27
11921,521,Fast shipping and nice packaging.,Twitter,Billing Defect,0.0851,1,2026-09-12 18:08:27
11922,306,Customer support resolved my billing issue in 5 minutes.,Call Center Note,UI Ergonomics,0.2803,1,2026-09-15 02:01:27
11923,707,Customer support resolved my billing issue in 5 minutes.,Twitter,App Crash,0.219,1,2026-09-13 22:03:27
11924,277,"Double charged on my credit card, fix this immediately!",Web Review,Shipping Delay,0.8797,0,2026-09-01 13:11:27
11925,555,Love the new design update! Very smooth.,Web Review,Billing Defect,0.3565,1,2026-08-29 17:21:27
11926,860,Fast shipping and nice packaging.,Twitter,Shipping Delay,0.0888,1,2026-09-02 07:37:27
11927,704,Package arrived damaged and customer support is ignoring my emails.,Mobile App,Shipping Delay,0.8415,0,2026-09-15 12:36:27
11928,237,"Major outage across the platform, unable to log in.",Web Review,Product Quality,0.8253,0,2026-09-14 17:34:27
11929,214,"Great quality product, highly recommended!",Web Review,App Crash,0.2315,1,2026-09-03 09:10:27
11930,837,Love the new design update! Very smooth.,Call Center Note,App Crash,0.0089,1,2026-09-02 04:37:27
11931,234,Fast shipping and nice packaging.,Email Support,App Crash,0.3928,1,2026-08-26 19:15:27
11932,449,Love the new design update! Very smooth.,Email Support,UI Ergonomics,0.1795,1,2026-08-27 18:05:27
11933,263,Fast shipping and nice packaging.,Web Review,Billing Defect,0.133,1,2026-08-30 02:38:27
11934,307,"Great quality product, highly recommended!",Mobile App,Shipping Delay,0.3025,1,2026-09-07 18:14:27
11935,144,Fast shipping and nice packaging.,Twitter,General Praise,0.1865,1,2026-09-13 06:53:27
11936,770,Customer support resolved my billing issue in 5 minutes.,Mobile App,App Crash,0.1531,1,2026-08-20 15:25:27
11937,462,Customer support resolved my billing issue in 5 minutes.,Mobile App,Billing Defect,0.0083,1,2026-08-23 07:00:27
11938,605,Love the new design update! Very smooth.,Call Center Note,Shipping Delay,0.0126,1,2026-08-24 12:21:27
11939,126,System latency is terrible after the latest update.,Call Center Note,Product Quality,0.844,0,2026-09-13 04:08:27
11940,226,App keeps crashing during checkout payment step!,Web Review,App Crash,0.8589,0,2026-09-12 08:45:27
11941,186,System latency is terrible after the latest update.,Call Center Note,General Praise,0.9032,0,2026-08-29 09:23:27
11942,148,"Major outage across the platform, unable to log in.",Twitter,UI Ergonomics,0.632,0,2026-08-25 13:01:27
11943,551,"Great quality product, highly recommended!",Web Review,General Praise,0.1279,1,2026-09-13 02:33:27
11944,585,Fast shipping and nice packaging.,Twitter,UI Ergonomics,0.0075,1,2026-08-22 03:45:27
11945,795,Fast shipping and nice packaging.,Email Support,App Crash,0.359,1,2026-08-20 18:17:27
11946,866,Fast shipping and nice packaging.,Web Review,Shipping Delay,0.0969,1,2026-08-25 02:19:27
11947,683,App keeps crashing during checkout payment step!,Email Support,Shipping Delay,0.6428,0,2026-09-11 20:02:27
11948,297,Customer support resolved my billing issue in 5 minutes.,Web Review,Shipping Delay,0.3667,1,2026-09-04 22:01:27
11949,760,Fast shipping and nice packaging.,Web Review,Billing Defect,0.0157,1,2026-08-20 22:03:27
11950,409,App keeps crashing during checkout payment step!,Twitter,UI Ergonomics,0.7587,0,2026-09-10 05:16:27
11951,650,"Great quality product, highly recommended!",Email Support,General Praise,0.3397,1,2026-08-31 02:44:27
11952,604,System latency is terrible after the latest update.,Mobile App,General Praise,0.6802,0,2026-09-17 05:32:27
11953,888,"Major outage across the platform, unable to log in.",Email Support,App Crash,0.6079,0,2026-09-09 01:44:27
11954,109,"Great quality product, highly recommended!",Twitter,Shipping Delay,0.316,1,2026-08-30 00:06:27
11955,978,Package arrived damaged and customer support is ignoring my emails.,Twitter,Shipping Delay,0.935,0,2026-09-08 03:59:27
11956,450,Love the new design update! Very smooth.,Web Review,Product Quality,0.1093,1,2026-09-09 18:52:27
11957,786,System latency is terrible after the latest update.,Call Center Note,App Crash,0.7415,0,2026-08-20 19:11:27
11958,441,"Great quality product, highly recommended!",Email Support,Shipping Delay,0.0599,1,2026-09-03 13:21:27
11959,897,Love the new design update! Very smooth.,Twitter,Shipping Delay,0.2713,1,2026-09-01 05:23:27
11960,344,Package arrived damaged and customer support is ignoring my emails.,Call Center Note,App Crash,0.8141,0,2026-09-04 10:40:27
11961,883,Fast shipping and nice packaging.,Twitter,Shipping Delay,0.3928,1,2026-09-15 10:54:27
11962,138,Love the new design update! Very smooth.,Mobile App,General Praise,0.115,1,2026-08-27 01:00:27
11963,295,"Double charged on my credit card, fix this immediately!",Call Center Note,UI Ergonomics,0.9382,0,2026-08-23 04:12:27
11964,505,Love the new design update! Very smooth.,Call Center Note,Shipping Delay,0.0732,1,2026-09-15 16:52:27
11965,461,Customer support resolved my billing issue in 5 minutes.,Mobile App,App Crash,0.0101,1,2026-08-23 10:59:27
11966,296,Package arrived damaged and customer support is ignoring my emails.,Twitter,UI Ergonomics,0.7744,0,2026-08-25 00:43:27
11967,253,"Great quality product, highly recommended!",Web Review,UI Ergonomics,0.1191,1,2026-09-13 01:52:27
11968,499,"Double charged on my credit card, fix this immediately!",Twitter,UI Ergonomics,0.7567,0,2026-08-23 08:35:27
11969,966,"Double charged on my credit card, fix this immediately!",Twitter,Product Quality,0.6631,0,2026-09-15 21:45:27
11970,982,Fast shipping and nice packaging.,Mobile App,Product Quality,0.0205,1,2026-09-15 20:50:27
11971,328,"Major outage across the platform, unable to log in.",Twitter,App Crash,0.699,0,2026-08-26 01:00:27
11972,167,Love the new design update! Very smooth.,Email Support,UI Ergonomics,0.0923,1,2026-09-06 05:00:27
11973,411,App keeps crashing during checkout payment step!,Mobile App,App Crash,0.6041,0,2026-09-15 16:27:27
11974,883,"Major outage across the platform, unable to log in.",Web Review,App Crash,0.8036,0,2026-09-15 00:02:27
11975,464,Love the new design update! Very smooth.,Mobile App,UI Ergonomics,0.202,1,2026-09-15 07:48:27
11976,984,Fast shipping and nice packaging.,Call Center Note,Billing Defect,0.3461,1,2026-08-20 08:07:27
11977,303,App keeps crashing during checkout payment step!,Call Center Note,UI Ergonomics,0.7379,0,2026-09-14 17:21:27
11978,240,Love the new design update! Very smooth.,Mobile App,General Praise,0.1783,1,2026-09-16 01:56:27
11979,874,"Major outage across the platform, unable to log in.",Mobile App,Billing Defect,0.7491,0,2026-09-04 07:40:27
11980,447,Fast shipping and nice packaging.,Web Review,Shipping Delay,0.365,1,2026-08-23 05:54:27
11981,954,App keeps crashing during checkout payment step!,Twitter,Shipping Delay,0.878,0,2026-09-14 19:27:27
11982,113,Love the new design update! Very smooth.,Mobile App,Billing Defect,0.06,1,2026-08-24 10:54:27
11983,532,System latency is terrible after the latest update.,Twitter,Product Quality,0.9499,0,2026-09-11 03:55:27
11984,283,Love the new design update! Very smooth.,Call Center Note,General Praise,0.1246,1,2026-08-24 04:31:27
11985,207,Package arrived damaged and customer support is ignoring my emails.,Mobile App,App Crash,0.6823,0,2026-09-09 00:55:27
11986,937,Love the new design update! Very smooth.,Web Review,App Crash,0.0542,1,2026-09-09 17:49:27
11987,297,Customer support resolved my billing issue in 5 minutes.,Twitter,UI Ergonomics,0.3219,1,2026-09-07 02:38:27
11988,364,App keeps crashing during checkout payment step!,Email Support,Billing Defect,0.6764,0,2026-09-14 19:26:27
11989,641,Package arrived damaged and customer support is ignoring my emails.,Web Review,App Crash,0.7339,0,2026-09-05 20:21:27
11990,243,Customer support resolved my billing issue in 5 minutes.,Mobile App,Shipping Delay,0.3747,1,2026-09-11 00:53:27
11991,547,Package arrived damaged and customer support is ignoring my emails.,Mobile App,App Crash,0.7652,0,2026-09-11 21:07:27
11992,205,"Great quality product, highly recommended!",Twitter,Product Quality,0.0693,1,2026-08-26 13:37:27
11993,784,Customer support resolved my billing issue in 5 minutes.,Call Center Note,Product Quality,0.2772,1,2026-08-29 23:41:27
11994,339,Package arrived damaged and customer support is ignoring my emails.,Call Center Note,Billing Defect,0.7822,0,2026-08-30 20:46:27
11995,141,Customer support resolved my billing issue in 5 minutes.,Web Review,Billing Defect,0.1062,1,2026-09-12 16:31:27
11996,486,System latency is terrible after the latest update.,Web Review,General Praise,0.7514,0,2026-09-08 13:15:27
11997,445,App keeps crashing during checkout payment step!,Twitter,App Crash,0.9575,0,2026-08-29 11:15:27
11998,241,System latency is terrible after the latest update.,Mobile App,UI Ergonomics,0.7276,0,2026-08-19 02:55:27
11999,208,Customer support resolved my billing issue in 5 minutes.,Email Support,Billing Defect,0.2741,1,2026-09-17 03:38:27
12000,119,"Great quality product, highly recommended!",Twitter,Shipping Delay,0.1306,1,2026-09-04 17:56:27
